{
  "id":"3"
 ,"Identification":{
    "Name":"Airtel Tracker Search"
   ,"Alias":"AIRTEL-TRACKER-SEARCH"
   ,"Title":"Airtel Tracker Search"
  }
 ,"Appearance":{
    "User Interface":"Desktop (35241130272338282207)"
   ,"Page Mode":"Normal"
   ,"Page Template":"Left Side Column (35240938941819282128)"
   ,"Template Options":[
      "#DEFAULT#"
    ]
  }
 ,"Navigation Menu":{
    "Override User Interface Level":false
  }
 ,"Navigation":{
    "Cursor Focus":"Do not focus cursor"
   ,"Warn on Unsaved Changes":true
  }
 ,"Security":{
    "Authentication":"Page Requires Authentication"
   ,"Deep Linking":"Application Default"
   ,"Page Access Protection":"Arguments Must Have Checksum"
   ,"Form Auto Complete":"Off"
   ,"Browser Cache":"Application Default"
  }
 ,"Session Management":{
    "Rejoin Sessions":"Application Default"
  }
 ,"Advanced":{
    "Enable duplicate page submissions":"Yes - Enable page to be re-posted"
   ,"Reload on Submit":"Only for Success"
  }
 ,"Server Cache":{
    "Caching":"Disabled"
  }
 ,"Regions":[
    {
      "id":"35241157663593282259"
     ,"Identification":{
        "Title":"Airtel Tracker"
       ,"Type":"Classic Report"
      }
     ,"Source":{
        "Location":"Local Database"
       ,"Type":"Table \/ View"
       ,"Table Owner":"Parsing Schema"
       ,"Table Name":"AIRTEL_TRACKER"
       ,"Include ROWID Column":false
      }
     ,"Order By":{
        "Type":"None"
      }
     ,"Layout":{
        "Sequence":20
       ,"Parent Region":"No Parent"
       ,"Position":"BODY"
       ,"Start New Layout":false
       ,"Start New Row":true
       ,"Column":"Automatic"
       ,"New Column":true
       ,"Column Span":"Automatic"
      }
     ,"Appearance":{
        "Template":"Standard (35241032347435282165)"
       ,"Template Options":[
          "#DEFAULT#"
         ,"t-Region--noPadding"
         ,"t-Region--hideHeader"
         ,"t-Region--scrollBody"
        ]
       ,"Render Components":"Above Content"
      }
     ,"Advanced":{
        "Region Display Selector":false
       ,"Exclude Title from Translation":false
      }
     ,"Server Cache":{
        "Caching":"Disabled"
      }
     ,"Customization":{
        "Customizable":"Not Customizable By End Users"
      }
     ,"Attributes":{
        "Layout":{
          "Number of Rows Type":"Static Value"
         ,"Number of Rows":50
        }
       ,"Appearance":{
          "Template Type":"Theme"
         ,"Template":"Standard (35241070343399282180)"
         ,"Template Options":[
            "#DEFAULT#"
           ,"t-Report--stretch"
           ,"t-Report--staticRowColors"
           ,"t-Report--rowHighlight"
           ,"t-Report--inline"
           ,"t-Report--hideNoPagination"
          ]
        }
       ,"Pagination":{
          "Type":"Row Ranges X to Y (with next and previous links)"
         ,"Display Position":"Bottom - Right"
         ,"Partial Page Refresh":true
        }
       ,"Performance":{
          "Lazy Loading":false
         ,"Maximum Rows to Process":100000
        }
       ,"Messages":{
          "When No Data Found":"no data found"
        }
       ,"Break Formatting":{
          "Break Columns":"No Break"
        }
       ,"Advanced":{
          "Strip HTML":false
         ,"Sort Nulls":"Last"
        }
       ,"Heading":{
          "Type":"Custom Headings"
        }
       ,"Download":{
          "CSV Export Enabled":false
        }
       ,"Printing":{
          "Enabled":false
        }
      }
     ,"Columns":[
        {
          "id":"35241161669641282264"
         ,"Identification":{
            "Column Name":"ID"
           ,"Type":"Hidden Column"
          }
         ,"Layout":{
            "Sequence":0
          }
         ,"UI Defaults Reference":{
            "Table Owner":"Parsing Schema"
          }
         ,"Security":{
            "Escape special characters":true
          }
        }
       ,{
          "id":"35241162098469282264"
         ,"Identification":{
            "Column Name":"COL001"
           ,"Type":"Plain Text"
          }
         ,"Heading":{
            "Heading":"Col001"
           ,"Alignment":"start"
          }
         ,"Layout":{
            "Sequence":2
           ,"Column Alignment":"start"
          }
         ,"Accessibility":{
            "Value Identifies Row":false
          }
         ,"Sorting":{
            "Sortable":true
          }
         ,"Export \/ Printing":{
            "Include In Export \/ Print":true
          }
         ,"Advanced":{
            "Compute Sum":false
          }
         ,"UI Defaults Reference":{
            "Table Owner":"Parsing Schema"
          }
         ,"Security":{
            "Escape special characters":true
          }
        }
       ,{
          "id":"35241162463353282264"
         ,"Identification":{
            "Column Name":"ISSUE_DATE_"
           ,"Type":"Plain Text"
          }
         ,"Heading":{
            "Heading":"Issue Date"
           ,"Alignment":"start"
          }
         ,"Layout":{
            "Sequence":3
           ,"Column Alignment":"start"
          }
         ,"Accessibility":{
            "Value Identifies Row":false
          }
         ,"Sorting":{
            "Sortable":true
          }
         ,"Export \/ Printing":{
            "Include In Export \/ Print":true
          }
         ,"Advanced":{
            "Compute Sum":false
          }
         ,"UI Defaults Reference":{
            "Table Owner":"Parsing Schema"
          }
         ,"Security":{
            "Escape special characters":true
          }
        }
       ,{
          "id":"35241162874255282265"
         ,"Identification":{
            "Column Name":"OLM_ID"
           ,"Type":"Plain Text"
          }
         ,"Heading":{
            "Heading":"Olm ID"
           ,"Alignment":"start"
          }
         ,"Layout":{
            "Sequence":4
           ,"Column Alignment":"start"
          }
         ,"Accessibility":{
            "Value Identifies Row":false
          }
         ,"Sorting":{
            "Sortable":true
          }
         ,"Export \/ Printing":{
            "Include In Export \/ Print":true
          }
         ,"Advanced":{
            "Compute Sum":false
          }
         ,"UI Defaults Reference":{
            "Table Owner":"Parsing Schema"
          }
         ,"Security":{
            "Escape special characters":true
          }
        }
       ,{
          "id":"35241163207927282265"
         ,"Identification":{
            "Column Name":"NAME_"
           ,"Type":"Plain Text"
          }
         ,"Heading":{
            "Heading":"Name"
           ,"Alignment":"start"
          }
         ,"Layout":{
            "Sequence":5
           ,"Column Alignment":"start"
          }
         ,"Accessibility":{
            "Value Identifies Row":false
          }
         ,"Sorting":{
            "Sortable":true
          }
         ,"Export \/ Printing":{
            "Include In Export \/ Print":true
          }
         ,"Advanced":{
            "Compute Sum":false
          }
         ,"UI Defaults Reference":{
            "Table Owner":"Parsing Schema"
          }
         ,"Security":{
            "Escape special characters":true
          }
        }
       ,{
          "id":"35241163640558282265"
         ,"Identification":{
            "Column Name":"MAIL_ID_"
           ,"Type":"Plain Text"
          }
         ,"Heading":{
            "Heading":"Mail ID"
           ,"Alignment":"start"
          }
         ,"Layout":{
            "Sequence":6
           ,"Column Alignment":"start"
          }
         ,"Accessibility":{
            "Value Identifies Row":false
          }
         ,"Sorting":{
            "Sortable":true
          }
         ,"Export \/ Printing":{
            "Include In Export \/ Print":true
          }
         ,"Advanced":{
            "Compute Sum":false
          }
         ,"UI Defaults Reference":{
            "Table Owner":"Parsing Schema"
          }
         ,"Security":{
            "Escape special characters":true
          }
        }
       ,{
          "id":"35241164076785282265"
         ,"Identification":{
            "Column Name":"RM_"
           ,"Type":"Plain Text"
          }
         ,"Heading":{
            "Heading":"Rm"
           ,"Alignment":"start"
          }
         ,"Layout":{
            "Sequence":7
           ,"Column Alignment":"start"
          }
         ,"Accessibility":{
            "Value Identifies Row":false
          }
         ,"Sorting":{
            "Sortable":true
          }
         ,"Export \/ Printing":{
            "Include In Export \/ Print":true
          }
         ,"Advanced":{
            "Compute Sum":false
          }
         ,"UI Defaults Reference":{
            "Table Owner":"Parsing Schema"
          }
         ,"Security":{
            "Escape special characters":true
          }
        }
       ,{
          "id":"35241164441343282265"
         ,"Identification":{
            "Column Name":"RM_MAIL_ID_"
           ,"Type":"Plain Text"
          }
         ,"Heading":{
            "Heading":"Rm Mail ID"
           ,"Alignment":"start"
          }
         ,"Layout":{
            "Sequence":8
           ,"Column Alignment":"start"
          }
         ,"Accessibility":{
            "Value Identifies Row":false
          }
         ,"Sorting":{
            "Sortable":true
          }
         ,"Export \/ Printing":{
            "Include In Export \/ Print":true
          }
         ,"Advanced":{
            "Compute Sum":false
          }
         ,"UI Defaults Reference":{
            "Table Owner":"Parsing Schema"
          }
         ,"Security":{
            "Escape special characters":true
          }
        }
       ,{
          "id":"35241164879692282265"
         ,"Identification":{
            "Column Name":"DOJ_"
           ,"Type":"Plain Text"
          }
         ,"Heading":{
            "Heading":"Doj"
           ,"Alignment":"center"
          }
         ,"Layout":{
            "Sequence":9
           ,"Column Alignment":"center"
          }
         ,"Accessibility":{
            "Value Identifies Row":false
          }
         ,"Sorting":{
            "Sortable":true
          }
         ,"Export \/ Printing":{
            "Include In Export \/ Print":true
          }
         ,"Advanced":{
            "Compute Sum":false
          }
         ,"UI Defaults Reference":{
            "Table Owner":"Parsing Schema"
          }
         ,"Security":{
            "Escape special characters":true
          }
        }
       ,{
          "id":"35241165206879282266"
         ,"Identification":{
            "Column Name":"EOC_"
           ,"Type":"Plain Text"
          }
         ,"Heading":{
            "Heading":"Eoc"
           ,"Alignment":"start"
          }
         ,"Layout":{
            "Sequence":10
           ,"Column Alignment":"start"
          }
         ,"Accessibility":{
            "Value Identifies Row":false
          }
         ,"Sorting":{
            "Sortable":true
          }
         ,"Export \/ Printing":{
            "Include In Export \/ Print":true
          }
         ,"Advanced":{
            "Compute Sum":false
          }
         ,"UI Defaults Reference":{
            "Table Owner":"Parsing Schema"
          }
         ,"Security":{
            "Escape special characters":true
          }
        }
       ,{
          "id":"35241165680671282266"
         ,"Identification":{
            "Column Name":"DURATION_"
           ,"Type":"Hidden Column"
          }
         ,"Layout":{
            "Sequence":11
          }
         ,"UI Defaults Reference":{
            "Table Owner":"Parsing Schema"
          }
         ,"Security":{
            "Escape special characters":true
          }
        }
       ,{
          "id":"35241166041520282266"
         ,"Identification":{
            "Column Name":"JOINING_LETTER_"
           ,"Type":"Hidden Column"
          }
         ,"Layout":{
            "Sequence":12
          }
         ,"UI Defaults Reference":{
            "Table Owner":"Parsing Schema"
          }
         ,"Security":{
            "Escape special characters":true
          }
        }
       ,{
          "id":"35241166479006282266"
         ,"Identification":{
            "Column Name":"COMPLETION_LETTER"
           ,"Type":"Hidden Column"
          }
         ,"Layout":{
            "Sequence":13
          }
         ,"UI Defaults Reference":{
            "Table Owner":"Parsing Schema"
          }
         ,"Security":{
            "Escape special characters":true
          }
        }
       ,{
          "id":"35241166852870282266"
         ,"Identification":{
            "Column Name":"LAPTOP_VDI_"
           ,"Type":"Hidden Column"
          }
         ,"Layout":{
            "Sequence":14
          }
         ,"UI Defaults Reference":{
            "Table Owner":"Parsing Schema"
          }
         ,"Security":{
            "Escape special characters":true
          }
        }
       ,{
          "id":"35241167230531282267"
         ,"Identification":{
            "Column Name":"REFERENCE_"
           ,"Type":"Hidden Column"
          }
         ,"Layout":{
            "Sequence":15
          }
         ,"UI Defaults Reference":{
            "Table Owner":"Parsing Schema"
          }
         ,"Security":{
            "Escape special characters":true
          }
        }
       ,{
          "id":"35241167675157282267"
         ,"Identification":{
            "Column Name":"PROJECT_"
           ,"Type":"Hidden Column"
          }
         ,"Layout":{
            "Sequence":16
          }
         ,"UI Defaults Reference":{
            "Table Owner":"Parsing Schema"
          }
         ,"Security":{
            "Escape special characters":true
          }
        }
       ,{
          "id":"35241168038978282267"
         ,"Identification":{
            "Column Name":"STATUS_"
           ,"Type":"Hidden Column"
          }
         ,"Layout":{
            "Sequence":17
          }
         ,"UI Defaults Reference":{
            "Table Owner":"Parsing Schema"
          }
         ,"Security":{
            "Escape special characters":true
          }
        }
      ]
    }
   ,{
      "id":"35241157707012282259"
     ,"Identification":{
        "Title":"Search"
       ,"Type":"Faceted Search"
      }
     ,"Source":{
        "Filtered Region":"Airtel Tracker (35241157663593282259)"
      }
     ,"Layout":{
        "Sequence":10
       ,"Parent Region":"No Parent"
       ,"Position":"REGION_POSITION_02"
       ,"Start New Layout":false
       ,"Start New Row":true
       ,"Column":"Automatic"
       ,"New Column":true
       ,"Column Span":"4"
      }
     ,"Appearance":{
        "Template":"Standard (35241032347435282165)"
       ,"Template Options":[
          "#DEFAULT#"
         ,"t-Region--noPadding"
         ,"t-Region--hideHeader"
         ,"t-Region--scrollBody"
        ]
       ,"Render Components":"Above Content"
      }
     ,"Advanced":{
        "Region Display Selector":false
       ,"Exclude Title from Translation":false
      }
     ,"Server Cache":{
        "Caching":"Disabled"
      }
     ,"Customization":{
        "Customizable":"Not Customizable By End Users"
      }
     ,"Attributes":{
        "Settings":{
          "Batch Facet Changes":false
         ,"Compact Numbers Threshold":10000
         ,"Show Current Facets":"Selector"
         ,"Current Facets Selector":"#active_facets"
         ,"Show Total Row Count":"Yes"
         ,"Show Charts":"Dialog"
         ,"Display Chart for Top N Values":10
        }
      }
     ,"Facets":[
        {
          "id":"35241158277062282261"
         ,"Identification":{
            "Name":"P3_SEARCH"
           ,"Type":"Search"
          }
         ,"Label":{
            "Label":"Search"
          }
         ,"Settings":{
            "Search Type":"Row Search"
           ,"Input Field":"Top of Faceted Search Region"
          }
         ,"Layout":{
            "Sequence":10
          }
         ,"Source":{
            "Database Column(s)":"COL001,ISSUE_DATE_,OLM_ID,NAME_,MAIL_ID_,RM_,RM_MAIL_ID_,EOC_"
          }
         ,"Security":{
            "Store value encrypted in session state":true
          }
        }
       ,{
          "id":"35241158634235282261"
         ,"Identification":{
            "Name":"P3_DURATION_"
           ,"Type":"Checkbox Group"
          }
         ,"Label":{
            "Label":"Duration"
           ,"Show Label for Current Facet":true
          }
         ,"Layout":{
            "Sequence":20
          }
         ,"List of Values":{
            "Type":"Distinct Values"
           ,"Include Null Option":false
          }
         ,"List Entries":{
            "Compute Counts":true
           ,"Show Counts":true
           ,"Zero Count Entries":"Hide"
           ,"Sort By Top Counts":true
           ,"Show Selected First":false
           ,"Maximum Displayed Entries":7
           ,"Display Filter Initially":false
          }
         ,"Actions Menu":{
            "Filter":true
           ,"Chart":true
          }
         ,"Advanced":{
            "Show Chart Initially":false
           ,"Display Toggling":false
           ,"Collapsible":false
          }
         ,"Source":{
            "Database Column":"DURATION_"
           ,"Data Type":"VARCHAR2"
          }
         ,"Multiple Values":{
            "Type":"No"
          }
         ,"Security":{
            "Store value encrypted in session state":true
           ,"Escape special characters":true
          }
        }
       ,{
          "id":"35241159038983282261"
         ,"Identification":{
            "Name":"P3_REFERENCE_"
           ,"Type":"Checkbox Group"
          }
         ,"Label":{
            "Label":"Reference"
           ,"Show Label for Current Facet":true
          }
         ,"Layout":{
            "Sequence":30
          }
         ,"List of Values":{
            "Type":"Distinct Values"
           ,"Include Null Option":false
          }
         ,"List Entries":{
            "Compute Counts":true
           ,"Show Counts":true
           ,"Zero Count Entries":"Hide"
           ,"Sort By Top Counts":true
           ,"Show Selected First":false
           ,"Maximum Displayed Entries":7
           ,"Display Filter Initially":false
          }
         ,"Actions Menu":{
            "Filter":true
           ,"Chart":true
          }
         ,"Advanced":{
            "Show Chart Initially":false
           ,"Display Toggling":false
           ,"Collapsible":false
          }
         ,"Source":{
            "Database Column":"REFERENCE_"
           ,"Data Type":"VARCHAR2"
          }
         ,"Multiple Values":{
            "Type":"No"
          }
         ,"Security":{
            "Store value encrypted in session state":true
           ,"Escape special characters":true
          }
        }
       ,{
          "id":"35241159497765282261"
         ,"Identification":{
            "Name":"P3_RM_"
           ,"Type":"Checkbox Group"
          }
         ,"Label":{
            "Label":"Rm"
           ,"Show Label for Current Facet":true
          }
         ,"Layout":{
            "Sequence":40
          }
         ,"List of Values":{
            "Type":"Distinct Values"
           ,"Include Null Option":false
          }
         ,"List Entries":{
            "Compute Counts":true
           ,"Show Counts":true
           ,"Zero Count Entries":"Hide"
           ,"Sort By Top Counts":true
           ,"Show Selected First":false
           ,"Maximum Displayed Entries":7
           ,"Display Filter Initially":false
          }
         ,"Actions Menu":{
            "Filter":true
           ,"Chart":true
          }
         ,"Advanced":{
            "Show Chart Initially":false
           ,"Display Toggling":false
           ,"Collapsible":false
          }
         ,"Source":{
            "Database Column":"RM_"
           ,"Data Type":"VARCHAR2"
          }
         ,"Multiple Values":{
            "Type":"No"
          }
         ,"Security":{
            "Store value encrypted in session state":true
           ,"Escape special characters":true
          }
        }
       ,{
          "id":"35241159800147282262"
         ,"Identification":{
            "Name":"P3_EOC_"
           ,"Type":"Checkbox Group"
          }
         ,"Label":{
            "Label":"Eoc"
           ,"Show Label for Current Facet":true
          }
         ,"Layout":{
            "Sequence":50
          }
         ,"List of Values":{
            "Type":"Distinct Values"
           ,"Include Null Option":false
          }
         ,"List Entries":{
            "Compute Counts":true
           ,"Show Counts":true
           ,"Zero Count Entries":"Hide"
           ,"Sort By Top Counts":true
           ,"Show Selected First":false
           ,"Maximum Displayed Entries":7
           ,"Display Filter Initially":false
          }
         ,"Actions Menu":{
            "Filter":true
           ,"Chart":true
          }
         ,"Advanced":{
            "Show Chart Initially":false
           ,"Display Toggling":false
           ,"Collapsible":false
          }
         ,"Source":{
            "Database Column":"EOC_"
           ,"Data Type":"VARCHAR2"
          }
         ,"Multiple Values":{
            "Type":"No"
          }
         ,"Security":{
            "Store value encrypted in session state":true
           ,"Escape special characters":true
          }
        }
       ,{
          "id":"35241160278697282262"
         ,"Identification":{
            "Name":"P3_JOINING_LETTER_"
           ,"Type":"Checkbox Group"
          }
         ,"Label":{
            "Label":"Joining Letter"
           ,"Show Label for Current Facet":true
          }
         ,"Layout":{
            "Sequence":60
          }
         ,"List of Values":{
            "Type":"Distinct Values"
           ,"Include Null Option":false
          }
         ,"List Entries":{
            "Compute Counts":true
           ,"Show Counts":true
           ,"Zero Count Entries":"Hide"
           ,"Sort By Top Counts":true
           ,"Show Selected First":false
           ,"Maximum Displayed Entries":7
           ,"Display Filter Initially":false
          }
         ,"Actions Menu":{
            "Filter":true
           ,"Chart":true
          }
         ,"Advanced":{
            "Show Chart Initially":false
           ,"Display Toggling":false
           ,"Collapsible":false
          }
         ,"Source":{
            "Database Column":"JOINING_LETTER_"
           ,"Data Type":"VARCHAR2"
          }
         ,"Multiple Values":{
            "Type":"No"
          }
         ,"Security":{
            "Store value encrypted in session state":true
           ,"Escape special characters":true
          }
        }
      ]
     ,"Filters":[
        {
          "id":"35241158277062282261"
         ,"Identification":{
            "Name":"P3_SEARCH"
           ,"Type":"Search"
          }
         ,"Label":{
            "Label":"Search"
          }
         ,"Settings":{
            "Search Type":"Row Search"
           ,"Collapsed Search Field":false
          }
         ,"Layout":{
            "Sequence":10
          }
         ,"Source":{
            "Database Column(s)":"COL001,ISSUE_DATE_,OLM_ID,NAME_,MAIL_ID_,RM_,RM_MAIL_ID_,EOC_"
          }
         ,"Security":{
            "Store value encrypted in session state":true
          }
        }
       ,{
          "id":"35241158634235282261"
         ,"Identification":{
            "Name":"P3_DURATION_"
           ,"Type":"Checkbox Group"
          }
         ,"Label":{
            "Label":"Duration"
          }
         ,"Layout":{
            "Sequence":20
          }
         ,"List of Values":{
            "Type":"Distinct Values"
           ,"Include Null Option":false
          }
         ,"List Entries":{
            "Compute Counts":true
           ,"Show Counts":true
           ,"Zero Count Entries":"Hide"
           ,"Sort By Top Counts":true
           ,"Show Selected First":false
           ,"Client-Side Filtering":false
          }
         ,"Suggestions":{
            "Type":"None"
          }
         ,"Source":{
            "Database Column":"DURATION_"
           ,"Data Type":"VARCHAR2"
          }
         ,"Multiple Values":{
            "Type":"No"
          }
         ,"Security":{
            "Store value encrypted in session state":true
           ,"Escape special characters":true
          }
        }
       ,{
          "id":"35241159038983282261"
         ,"Identification":{
            "Name":"P3_REFERENCE_"
           ,"Type":"Checkbox Group"
          }
         ,"Label":{
            "Label":"Reference"
          }
         ,"Layout":{
            "Sequence":30
          }
         ,"List of Values":{
            "Type":"Distinct Values"
           ,"Include Null Option":false
          }
         ,"List Entries":{
            "Compute Counts":true
           ,"Show Counts":true
           ,"Zero Count Entries":"Hide"
           ,"Sort By Top Counts":true
           ,"Show Selected First":false
           ,"Client-Side Filtering":false
          }
         ,"Suggestions":{
            "Type":"None"
          }
         ,"Source":{
            "Database Column":"REFERENCE_"
           ,"Data Type":"VARCHAR2"
          }
         ,"Multiple Values":{
            "Type":"No"
          }
         ,"Security":{
            "Store value encrypted in session state":true
           ,"Escape special characters":true
          }
        }
       ,{
          "id":"35241159497765282261"
         ,"Identification":{
            "Name":"P3_RM_"
           ,"Type":"Checkbox Group"
          }
         ,"Label":{
            "Label":"Rm"
          }
         ,"Layout":{
            "Sequence":40
          }
         ,"List of Values":{
            "Type":"Distinct Values"
           ,"Include Null Option":false
          }
         ,"List Entries":{
            "Compute Counts":true
           ,"Show Counts":true
           ,"Zero Count Entries":"Hide"
           ,"Sort By Top Counts":true
           ,"Show Selected First":false
           ,"Client-Side Filtering":false
          }
         ,"Suggestions":{
            "Type":"None"
          }
         ,"Source":{
            "Database Column":"RM_"
           ,"Data Type":"VARCHAR2"
          }
         ,"Multiple Values":{
            "Type":"No"
          }
         ,"Security":{
            "Store value encrypted in session state":true
           ,"Escape special characters":true
          }
        }
       ,{
          "id":"35241159800147282262"
         ,"Identification":{
            "Name":"P3_EOC_"
           ,"Type":"Checkbox Group"
          }
         ,"Label":{
            "Label":"Eoc"
          }
         ,"Layout":{
            "Sequence":50
          }
         ,"List of Values":{
            "Type":"Distinct Values"
           ,"Include Null Option":false
          }
         ,"List Entries":{
            "Compute Counts":true
           ,"Show Counts":true
           ,"Zero Count Entries":"Hide"
           ,"Sort By Top Counts":true
           ,"Show Selected First":false
           ,"Client-Side Filtering":false
          }
         ,"Suggestions":{
            "Type":"None"
          }
         ,"Source":{
            "Database Column":"EOC_"
           ,"Data Type":"VARCHAR2"
          }
         ,"Multiple Values":{
            "Type":"No"
          }
         ,"Security":{
            "Store value encrypted in session state":true
           ,"Escape special characters":true
          }
        }
       ,{
          "id":"35241160278697282262"
         ,"Identification":{
            "Name":"P3_JOINING_LETTER_"
           ,"Type":"Checkbox Group"
          }
         ,"Label":{
            "Label":"Joining Letter"
          }
         ,"Layout":{
            "Sequence":60
          }
         ,"List of Values":{
            "Type":"Distinct Values"
           ,"Include Null Option":false
          }
         ,"List Entries":{
            "Compute Counts":true
           ,"Show Counts":true
           ,"Zero Count Entries":"Hide"
           ,"Sort By Top Counts":true
           ,"Show Selected First":false
           ,"Client-Side Filtering":false
          }
         ,"Suggestions":{
            "Type":"None"
          }
         ,"Source":{
            "Database Column":"JOINING_LETTER_"
           ,"Data Type":"VARCHAR2"
          }
         ,"Multiple Values":{
            "Type":"No"
          }
         ,"Security":{
            "Store value encrypted in session state":true
           ,"Escape special characters":true
          }
        }
      ]
    }
   ,{
      "id":"35241160579565282262"
     ,"Identification":{
        "Title":"Button Bar"
       ,"Type":"Static Content"
      }
     ,"Source":{
        "HTML Code":"\u003Cdiv id=\"active_facets\"\u003E\u003C\/div\u003E"
      }
     ,"Layout":{
        "Sequence":10
       ,"Parent Region":"No Parent"
       ,"Position":"BODY"
       ,"Start New Layout":false
       ,"Start New Row":true
       ,"Column":"Automatic"
       ,"New Column":true
       ,"Column Span":"Automatic"
      }
     ,"Appearance":{
        "Template":"Buttons Container (35240974746375282142)"
       ,"Template Options":[
          "#DEFAULT#"
         ,"t-ButtonRegion--noPadding"
         ,"t-ButtonRegion--noUI"
        ]
       ,"Render Components":"Above Content"
      }
     ,"Advanced":{
        "Region Display Selector":false
       ,"Exclude Title from Translation":false
      }
     ,"Server Cache":{
        "Caching":"Disabled"
      }
     ,"Customization":{
        "Customizable":"Not Customizable By End Users"
      }
     ,"Attributes":{
        "Settings":{
          "Output As":"HTML"
         ,"Expand Shortcuts":false
        }
      }
    }
   ,{
      "id":"35241168581350282267"
     ,"Identification":{
        "Title":"Breadcrumb"
       ,"Type":"Breadcrumb"
      }
     ,"Source":{
        "Breadcrumb":"Breadcrumb (35240935260612282125)"
      }
     ,"Layout":{
        "Sequence":20
       ,"Parent Region":"No Parent"
       ,"Position":"REGION_POSITION_01"
       ,"Start New Layout":false
       ,"Start New Row":true
       ,"Column":"Automatic"
       ,"New Column":true
       ,"Column Span":"Automatic"
      }
     ,"Appearance":{
        "Template":"Title Bar (35241044747801282170)"
       ,"Template Options":[
          "#DEFAULT#"
         ,"t-BreadcrumbRegion--useBreadcrumbTitle"
        ]
       ,"Render Components":"Above Content"
      }
     ,"Advanced":{
        "Region Display Selector":false
       ,"Exclude Title from Translation":false
      }
     ,"Server Cache":{
        "Caching":"Disabled"
      }
     ,"Customization":{
        "Customizable":"Not Customizable By End Users"
      }
     ,"Attributes":{
        "Appearance":{
          "Breadcrumb Template":"Breadcrumb (35241106932000282197)"
         ,"Template Options":[
            "#DEFAULT#"
          ]
        }
      }
    }
  ]
 ,"Buttons":[
    {
      "id":"35241161012253282263"
     ,"Identification":{
        "Button Name":"RESET"
       ,"Label":"Reset"
      }
     ,"Layout":{
        "Sequence":10
       ,"Region":"Button Bar (35241160579565282262)"
       ,"Position":"NEXT"
       ,"Start New Layout":false
       ,"Start New Row":true
       ,"Column":"Automatic"
       ,"New Column":true
       ,"Column Span":"Automatic"
      }
     ,"Appearance":{
        "Button Template":"Text with Icon (35241105438709282196)"
       ,"Hot":false
       ,"Template Options":[
          "#DEFAULT#"
         ,"t-Button--noUI"
         ,"t-Button--iconLeft"
        ]
       ,"Icon":"fa-undo"
      }
     ,"Behavior":{
        "Action":"Redirect to Page in this Application"
       ,"Target":{
          "url":"f?p=\u0026APP_ID.:3:\u0026SESSION.::\u0026DEBUG.:RR,3::"
         ,"Page":"3"
         ,"Clear Cache":"RR,3"
        }
       ,"Warn on Unsaved Changes":"Do Not Check"
      }
    }
  ]
}
