{
  "id":"10054"
 ,"Identification":{
    "Name":"Feedback"
   ,"Alias":"FEEDBACK1"
   ,"Title":"Feedback"
   ,"Page Group":"Administration (35241136525587282216)"
  }
 ,"Appearance":{
    "User Interface":"Desktop (35241130272338282207)"
   ,"Page Mode":"Modal Dialog"
   ,"Dialog Template":"Theme Default"
  }
 ,"Dialog":{
    "Chained":false
  }
 ,"Navigation Menu":{
    "Override User Interface Level":false
  }
 ,"Navigation":{
    "Cursor Focus":"Do not focus cursor"
   ,"Warn on Unsaved Changes":true
  }
 ,"CSS":{
    "Inline":"\/* Color feedback rating icons *\/\n.feedback-positive { color: var(--ut-feedback-positive-text-color, var(--ut-palette-success)); }\n.feedback-neutral { color: var(--ut-feedback-neutral-text-color, var(--ut-palette-warning)); }\n.feedback-negative { color: var(--ut-feedback-negative-text-color, var(--ut-palette-danger)); }"
  }
 ,"Security":{
    "Authorization Scheme":"Administration Rights (35241134946712282212)"
   ,"Authentication":"Page Requires Authentication"
   ,"Deep Linking":"Application Default"
   ,"Page Access Protection":"Arguments Must Have Checksum"
   ,"Form Auto Complete":"Off"
   ,"Browser Cache":"Application Default"
  }
 ,"Session Management":{
    "Rejoin Sessions":"Application Default"
  }
 ,"Advanced":{
    "Enable duplicate page submissions":"Yes - Enable page to be re-posted"
   ,"Reload on Submit":"Only for Success"
  }
 ,"Server Cache":{
    "Caching":"Disabled"
  }
 ,"Configuration":{
    "Build Option":"Feature: Feedback (35241132408987282211)"
  }
 ,"Regions":[
    {
      "id":"35241366728749282720"
     ,"Identification":{
        "Title":"Form Items Region"
       ,"Type":"Static Content"
      }
     ,"Layout":{
        "Sequence":10
       ,"Parent Region":"No Parent"
       ,"Position":"BODY"
       ,"Start New Layout":false
       ,"Start New Row":true
       ,"Column":"Automatic"
       ,"New Column":true
       ,"Column Span":"Automatic"
      }
     ,"Appearance":{
        "Template":"Blank with Attributes (35240971954959282141)"
       ,"Template Options":[
          "#DEFAULT#"
         ,"t-Form--stretchInputs"
        ]
       ,"Render Components":"Above Content"
      }
     ,"Advanced":{
        "Region Display Selector":false
       ,"Exclude Title from Translation":false
      }
     ,"Server Cache":{
        "Caching":"Disabled"
      }
     ,"Customization":{
        "Customizable":"Not Customizable By End Users"
      }
     ,"Attributes":{
        "Settings":{
          "Output As":"HTML"
         ,"Expand Shortcuts":false
        }
      }
    }
   ,{
      "id":"35241366824847282720"
     ,"Identification":{
        "Title":"Buttons"
       ,"Type":"Static Content"
      }
     ,"Layout":{
        "Sequence":10
       ,"Parent Region":"No Parent"
       ,"Position":"REGION_POSITION_03"
       ,"Start New Layout":false
       ,"Start New Row":true
       ,"Column":"Automatic"
       ,"New Column":true
       ,"Column Span":"Automatic"
      }
     ,"Appearance":{
        "Template":"Buttons Container (35240974746375282142)"
       ,"Template Options":[
          "#DEFAULT#"
        ]
       ,"Render Components":"Above Content"
      }
     ,"Advanced":{
        "Region Display Selector":false
       ,"Exclude Title from Translation":false
      }
     ,"Server Cache":{
        "Caching":"Disabled"
      }
     ,"Customization":{
        "Customizable":"Not Customizable By End Users"
      }
     ,"Attributes":{
        "Settings":{
          "Output As":"HTML"
         ,"Expand Shortcuts":false
        }
      }
    }
  ]
 ,"Page Items":[
    {
      "id":"35241379211994282727"
     ,"Identification":{
        "Name":"P10054_ID"
       ,"Type":"Hidden"
      }
     ,"Settings":{
        "Value Protected":true
      }
     ,"Layout":{
        "Sequence":10
       ,"Region":"Form Items Region (35241366728749282720)"
       ,"Position":"BODY"
      }
     ,"Advanced":{
        "Warn on Unsaved Changes":"Page Default"
      }
     ,"Source":{
        "Type":"Null"
       ,"Used":"Only when current value in session state is null"
       ,"Maintain Session State":"Per Session (Disk)"
      }
     ,"Security":{
        "Session State Protection":"Checksum Required - Session Level"
       ,"Store value encrypted in session state":true
       ,"Restricted Characters":"All characters can be saved."
      }
    }
   ,{
      "id":"35241379660536282727"
     ,"Identification":{
        "Name":"P10054_PAGE_ID"
       ,"Type":"Display Only"
      }
     ,"Label":{
        "Label":"Page"
       ,"Alignment":"Left"
      }
     ,"Settings":{
        "Format":"Plain Text"
       ,"Based On":"Item Value"
       ,"Show Line Breaks":true
       ,"Send On Page Submit":true
      }
     ,"Layout":{
        "Sequence":20
       ,"Region":"Form Items Region (35241366728749282720)"
       ,"Position":"BODY"
       ,"Alignment":"Left"
       ,"Start New Layout":false
       ,"Start New Row":true
       ,"Column":"Automatic"
       ,"New Column":true
       ,"Column Span":"Automatic"
       ,"Label Column Span":"Page Template Default"
      }
     ,"Appearance":{
        "Template":"Optional - Floating (35241102885403282195)"
      }
     ,"Advanced":{
        "Warn on Unsaved Changes":"Page Default"
      }
     ,"Source":{
        "Type":"Null"
       ,"Used":"Only when current value in session state is null"
       ,"Maintain Session State":"Per Session (Disk)"
      }
     ,"Security":{
        "Session State Protection":"Unrestricted"
       ,"Store value encrypted in session state":true
       ,"Restricted Characters":"All characters can be saved."
      }
    }
   ,{
      "id":"35241380095393282727"
     ,"Identification":{
        "Name":"P10054_FILED"
       ,"Type":"Display Only"
      }
     ,"Label":{
        "Label":"Filed"
       ,"Alignment":"Left"
      }
     ,"Settings":{
        "Format":"Plain Text"
       ,"Based On":"Item Value"
       ,"Show Line Breaks":true
       ,"Send On Page Submit":true
      }
     ,"Layout":{
        "Sequence":30
       ,"Region":"Form Items Region (35241366728749282720)"
       ,"Position":"BODY"
       ,"Alignment":"Left"
       ,"Start New Layout":false
       ,"Start New Row":false
       ,"Column":"Automatic"
       ,"New Column":true
       ,"Column Span":"Automatic"
       ,"Label Column Span":"Page Template Default"
      }
     ,"Appearance":{
        "Template":"Optional - Floating (35241102885403282195)"
      }
     ,"Advanced":{
        "Warn on Unsaved Changes":"Page Default"
      }
     ,"Source":{
        "Type":"Null"
       ,"Used":"Only when current value in session state is null"
       ,"Maintain Session State":"Per Session (Disk)"
      }
     ,"Security":{
        "Session State Protection":"Unrestricted"
       ,"Store value encrypted in session state":true
       ,"Restricted Characters":"All characters can be saved."
      }
    }
   ,{
      "id":"35241380498250282728"
     ,"Identification":{
        "Name":"P10054_RATING_ICON"
       ,"Type":"Display Only"
      }
     ,"Label":{
        "Label":"Rating"
       ,"Alignment":"Left"
      }
     ,"Settings":{
        "Format":"HTML"
       ,"Send On Page Submit":true
      }
     ,"Layout":{
        "Sequence":40
       ,"Region":"Form Items Region (35241366728749282720)"
       ,"Position":"BODY"
       ,"Alignment":"Left"
       ,"Start New Layout":false
       ,"Start New Row":false
       ,"Column":"Automatic"
       ,"New Column":true
       ,"Column Span":"Automatic"
       ,"Label Column Span":"Page Template Default"
      }
     ,"Appearance":{
        "Template":"Optional - Floating (35241102885403282195)"
      }
     ,"Advanced":{
        "Warn on Unsaved Changes":"Page Default"
      }
     ,"Source":{
        "Type":"Null"
       ,"Used":"Only when current value in session state is null"
       ,"Maintain Session State":"Per Session (Disk)"
      }
     ,"Security":{
        "Session State Protection":"Unrestricted"
       ,"Store value encrypted in session state":true
       ,"Restricted Characters":"All characters can be saved."
      }
    }
   ,{
      "id":"35241380885175282728"
     ,"Identification":{
        "Name":"P10054_FEEDBACK"
       ,"Type":"Display Only"
      }
     ,"Label":{
        "Label":"Feedback"
       ,"Alignment":"Left"
      }
     ,"Settings":{
        "Format":"Plain Text"
       ,"Based On":"Item Value"
       ,"Show Line Breaks":true
       ,"Send On Page Submit":true
      }
     ,"Layout":{
        "Sequence":50
       ,"Region":"Form Items Region (35241366728749282720)"
       ,"Position":"BODY"
       ,"Alignment":"Left"
       ,"Start New Layout":false
       ,"Start New Row":true
       ,"Column":"Automatic"
       ,"New Column":true
       ,"Column Span":"Automatic"
       ,"Label Column Span":"Page Template Default"
      }
     ,"Appearance":{
        "Template":"Optional - Floating (35241102885403282195)"
      }
     ,"Advanced":{
        "Warn on Unsaved Changes":"Page Default"
      }
     ,"Source":{
        "Type":"Null"
       ,"Used":"Only when current value in session state is null"
       ,"Maintain Session State":"Per Session (Disk)"
      }
     ,"Security":{
        "Session State Protection":"Unrestricted"
       ,"Store value encrypted in session state":true
       ,"Restricted Characters":"All characters can be saved."
      }
    }
   ,{
      "id":"35241381212706282728"
     ,"Identification":{
        "Name":"P10054_RESPONSE"
       ,"Type":"Textarea"
      }
     ,"Label":{
        "Label":"Response"
       ,"Alignment":"Left"
      }
     ,"Settings":{
        "Resizable":true
       ,"Auto-Height":false
       ,"Character Counter":false
       ,"Trim Spaces":"Leading and Trailing"
      }
     ,"Layout":{
        "Sequence":60
       ,"Region":"Form Items Region (35241366728749282720)"
       ,"Position":"BODY"
       ,"Alignment":"Left"
       ,"Start New Layout":false
       ,"Start New Row":true
       ,"Column":"Automatic"
       ,"New Column":true
       ,"Column Span":"Automatic"
       ,"Label Column Span":"Page Template Default"
      }
     ,"Appearance":{
        "Template":"Optional - Floating (35241102885403282195)"
       ,"Width":64
       ,"Height":4
      }
     ,"Validation":{
        "Value Required":false
       ,"Maximum Length":4000
      }
     ,"Advanced":{
        "Warn on Unsaved Changes":"Page Default"
      }
     ,"Source":{
        "Type":"Null"
       ,"Used":"Only when current value in session state is null"
       ,"Maintain Session State":"Per Session (Disk)"
      }
     ,"Quick Picks":{
        "Show Quick Picks":false
      }
     ,"Security":{
        "Session State Protection":"Unrestricted"
       ,"Store value encrypted in session state":true
       ,"Restricted Characters":"All characters can be saved."
      }
    }
   ,{
      "id":"35241381660916282728"
     ,"Identification":{
        "Name":"P10054_FEEDBACK_STATUS"
       ,"Type":"Select List"
      }
     ,"Label":{
        "Label":"Status"
       ,"Alignment":"Left"
      }
     ,"Settings":{
        "Page Action on Selection":"None"
       ,"Allow Multi Selection":false
      }
     ,"Layout":{
        "Sequence":70
       ,"Region":"Form Items Region (35241366728749282720)"
       ,"Position":"BODY"
       ,"Alignment":"Left"
       ,"Start New Layout":false
       ,"Start New Row":true
       ,"Column":"Automatic"
       ,"New Column":true
       ,"Column Span":"Automatic"
       ,"Label Column Span":"Page Template Default"
      }
     ,"Appearance":{
        "Template":"Optional - Floating (35241102885403282195)"
      }
     ,"Validation":{
        "Value Required":false
      }
     ,"List of Values":{
        "Type":"Shared Component"
       ,"List of Values":"FEEDBACK_STATUS (35241381750325282728)"
       ,"Display Extra Values":false
       ,"Display Null Value":false
      }
     ,"Advanced":{
        "Warn on Unsaved Changes":"Page Default"
      }
     ,"Source":{
        "Type":"Null"
       ,"Used":"Only when current value in session state is null"
       ,"Maintain Session State":"Per Session (Disk)"
      }
     ,"Quick Picks":{
        "Show Quick Picks":false
      }
     ,"Security":{
        "Session State Protection":"Unrestricted"
       ,"Store value encrypted in session state":true
       ,"Restricted Characters":"All characters can be saved."
      }
    }
   ,{
      "id":"35241383970890282730"
     ,"Identification":{
        "Name":"P10054_USER_AGENT"
       ,"Type":"Display Only"
      }
     ,"Label":{
        "Label":"User Agent"
       ,"Alignment":"Left"
      }
     ,"Settings":{
        "Format":"Plain Text"
       ,"Based On":"Item Value"
       ,"Show Line Breaks":true
       ,"Send On Page Submit":true
      }
     ,"Layout":{
        "Sequence":100
       ,"Region":"Form Items Region (35241366728749282720)"
       ,"Position":"BODY"
       ,"Alignment":"Left"
       ,"Start New Layout":false
       ,"Start New Row":true
       ,"Column":"Automatic"
       ,"New Column":true
       ,"Column Span":"Automatic"
       ,"Label Column Span":"Page Template Default"
      }
     ,"Appearance":{
        "Template":"Optional - Floating (35241102885403282195)"
      }
     ,"Advanced":{
        "Warn on Unsaved Changes":"Page Default"
      }
     ,"Source":{
        "Type":"Null"
       ,"Used":"Only when current value in session state is null"
       ,"Maintain Session State":"Per Session (Disk)"
      }
     ,"Security":{
        "Session State Protection":"Unrestricted"
       ,"Store value encrypted in session state":true
       ,"Restricted Characters":"All characters can be saved."
      }
    }
  ]
 ,"Buttons":[
    {
      "id":"35241366901574282720"
     ,"Identification":{
        "Button Name":"SAVE"
       ,"Label":"Apply Changes"
      }
     ,"Layout":{
        "Sequence":10
       ,"Region":"Buttons (35241366824847282720)"
       ,"Position":"CREATE"
       ,"Start New Layout":false
       ,"Start New Row":true
       ,"Column":"Automatic"
       ,"New Column":true
       ,"Column Span":"Automatic"
      }
     ,"Appearance":{
        "Button Template":"Text (35241105301666282196)"
       ,"Hot":true
       ,"Template Options":[
          "#DEFAULT#"
         ,"t-Button--gapLeft"
        ]
      }
     ,"Behavior":{
        "Action":"Submit Page"
       ,"Execute Validations":true
       ,"Warn on Unsaved Changes":"Do Not Check"
      }
    }
   ,{
      "id":"35241367160956282720"
     ,"Identification":{
        "Button Name":"DELETE"
       ,"Label":"Delete"
      }
     ,"Layout":{
        "Sequence":20
       ,"Region":"Buttons (35241366824847282720)"
       ,"Position":"EDIT"
       ,"Start New Layout":false
       ,"Start New Row":true
       ,"Column":"Automatic"
       ,"New Column":true
       ,"Column Span":"Automatic"
      }
     ,"Appearance":{
        "Button Template":"Text (35241105301666282196)"
       ,"Hot":false
       ,"Template Options":[
          "#DEFAULT#"
         ,"t-Button--danger"
         ,"t-Button--simple"
        ]
      }
     ,"Behavior":{
        "Action":"Submit Page"
       ,"Execute Validations":false
       ,"Warn on Unsaved Changes":"Do Not Check"
       ,"Database Action":"SQL DELETE action"
      }
     ,"Confirmation":{
        "Message":"\u0026APP_TEXT$DELETE_MSG!RAW."
       ,"Style":"Danger"
      }
     ,"Server-side Condition":{
        "Type":"Item is NOT NULL"
       ,"Item":"P10054_ID"
      }
    }
   ,{
      "id":"35241377648641282726"
     ,"Identification":{
        "Button Name":"CANCEL"
       ,"Label":"Cancel"
      }
     ,"Layout":{
        "Sequence":10
       ,"Region":"Buttons (35241366824847282720)"
       ,"Position":"EDIT"
       ,"Start New Layout":false
       ,"Start New Row":true
       ,"Column":"Automatic"
       ,"New Column":true
       ,"Column Span":"Automatic"
      }
     ,"Appearance":{
        "Button Template":"Text (35241105301666282196)"
       ,"Hot":false
       ,"Template Options":[
          "#DEFAULT#"
        ]
      }
     ,"Behavior":{
        "Action":"Defined by Dynamic Action"
       ,"Execute Validations":false
      }
    }
  ]
 ,"Dynamic Actions":[
    {
      "id":"35241377779870282726"
     ,"Identification":{
        "Name":"Cancel Dialog"
      }
     ,"Execution Options":{
        "Sequence":10
      }
     ,"When":{
        "Event":"EVENT.EVENT.BROWSER.CLICK"
       ,"Selection Type":"Button"
       ,"Button":"CANCEL (35241377648641282726)"
      }
     ,"Advanced":{
        "Event Scope":"Static"
      }
     ,"Actions":[
        {
          "id":"35241378431432282726"
         ,"Identification":{
            "Action":"Cancel Dialog"
          }
         ,"Execution Options":{
            "Sequence":10
           ,"Event":"Cancel Dialog (35241377779870282726)"
           ,"Fire When Event Result Is":"True"
           ,"Fire on Initialization":false
          }
        }
      ]
    }
  ]
 ,"Processes":[
    {
      "id":"35241384489071282730"
     ,"Identification":{
        "Name":"Load Data"
       ,"Type":"Execute Code"
      }
     ,"Source":{
        "Location":"Local Database"
       ,"Language":"PL\/SQL"
       ,"PL\/SQL Code":"for l_feedback in (\n   select page_id,\n          page_name,\n          case feedback_rating\n                when 1 then \u0027\u003Cspan class=\"fa fa-frown-o feedback-negative\" aria-hidden=\"true\" title=\"Negative\"\u003E\u003C\/span\u003E\u0027 \n                when 2 then \u0027\u003Cspan class=\"fa fa-emoji-neutral feedback-neutral\" aria-hidden=\"true\" title=\"Neutral\"\u003E\u003C\/span\u003E\u0027  \n                when 3 then \u0027\u003Cspan class=\"fa fa-smile-o feedback-positive\" aria-hidden=\"true\" title=\"Positive\"\u003E\u003C\/span\u003E\u0027 \n                end rating_icon,\n          lower(created_by) || \u0027 - \u0027 || apex_util.get_since(created_on) filed,\n          feedback,\n          public_response,\n          feedback_status,\n          http_user_agent\n     from apex_team_feedback\n    where feedback_id = :P10054_ID )\nloop\n   :P10054_PAGE_ID         := l_feedback.page_id||\u0027. \u0027||l_feedback.page_name;\n   :P10054_FILED           := l_feedback.filed;\n   :P10054_RATING_ICON     := l_feedback.rating_icon;\n   :P10054_FEEDBACK        := l_feedback.feedback;\n   :P10054_RESPONSE        := l_feedback.public_response;\n   :P10054_FEEDBACK_STATUS := l_feedback.feedback_status;\n   :P10054_USER_AGENT      := l_feedback.http_user_agent;\nend loop;"
      }
     ,"Execution Options":{
        "Sequence":10
       ,"Point":"After Header"
       ,"Run Process":"Once Per Page Visit (default)"
      }
    }
   ,{
      "id":"35241384889747282730"
     ,"Identification":{
        "Name":"Reply to Feedback"
       ,"Type":"Execute Code"
      }
     ,"Source":{
        "Location":"Local Database"
       ,"Language":"PL\/SQL"
       ,"PL\/SQL Code":"apex_util.reply_to_feedback (\n    p_feedback_id     =\u003E :P10054_ID,\n    p_status          =\u003E :P10054_FEEDBACK_STATUS,\n    p_public_response =\u003E :P10054_RESPONSE );"
      }
     ,"Execution Options":{
        "Sequence":10
       ,"Point":"Processing"
       ,"Run Process":"Once Per Page Visit (default)"
      }
     ,"Success Message":{
        "Success Message":"Action Processed."
      }
     ,"Error":{
        "Display Location":"Inline in Notification"
      }
     ,"Server-side Condition":{
        "When Button Pressed":"SAVE (35241366901574282720)"
      }
    }
   ,{
      "id":"35241385230667282730"
     ,"Identification":{
        "Name":"Delete Feedback"
       ,"Type":"Execute Code"
      }
     ,"Source":{
        "Location":"Local Database"
       ,"Language":"PL\/SQL"
       ,"PL\/SQL Code":"apex_util.delete_feedback (\n    p_feedback_id =\u003E :P10054_ID );"
      }
     ,"Execution Options":{
        "Sequence":20
       ,"Point":"Processing"
       ,"Run Process":"Once Per Page Visit (default)"
      }
     ,"Success Message":{
        "Success Message":"Feedback Deleted"
      }
     ,"Error":{
        "Display Location":"Inline in Notification"
      }
     ,"Server-side Condition":{
        "When Button Pressed":"DELETE (35241367160956282720)"
      }
    }
   ,{
      "id":"35241385684443282730"
     ,"Identification":{
        "Name":"Clear Page(s) Cache"
       ,"Type":"Clear Session State"
      }
     ,"Settings":{
        "Type":"Clear all Items on the Current Page"
      }
     ,"Execution Options":{
        "Sequence":40
       ,"Point":"Processing"
       ,"Run Process":"Once Per Page Visit (default)"
      }
     ,"Error":{
        "Display Location":"Inline in Notification"
      }
     ,"Server-side Condition":{
        "When Button Pressed":"DELETE (35241367160956282720)"
      }
    }
   ,{
      "id":"35241386020210282731"
     ,"Identification":{
        "Name":"Close Dialog"
       ,"Type":"Close Dialog"
      }
     ,"Execution Options":{
        "Sequence":50
       ,"Point":"Processing"
       ,"Run Process":"Once Per Page Visit (default)"
      }
     ,"Error":{
        "Display Location":"Inline in Notification"
      }
    }
  ]
}
