{
  "id":"10000"
 ,"Identification":{
    "Name":"Administration"
   ,"Alias":"ADMIN"
   ,"Title":"Administration"
   ,"Page Group":"Administration (35241136525587282216)"
  }
 ,"Appearance":{
    "User Interface":"Desktop (35241130272338282207)"
   ,"Page Mode":"Normal"
   ,"Page Template":"Theme Default"
   ,"Template Options":[
      "#DEFAULT#"
    ]
  }
 ,"Navigation Menu":{
    "Override User Interface Level":false
  }
 ,"Navigation":{
    "Cursor Focus":"Do not focus cursor"
   ,"Warn on Unsaved Changes":true
  }
 ,"Security":{
    "Authorization Scheme":"Administration Rights (35241134946712282212)"
   ,"Authentication":"Page Requires Authentication"
   ,"Deep Linking":"Disabled"
   ,"Page Access Protection":"Arguments Must Have Checksum"
   ,"Form Auto Complete":"Off"
   ,"Browser Cache":"Application Default"
  }
 ,"Session Management":{
    "Rejoin Sessions":"Application Default"
  }
 ,"Advanced":{
    "Enable duplicate page submissions":"Yes - Enable page to be re-posted"
   ,"Reload on Submit":"Only for Success"
  }
 ,"Server Cache":{
    "Caching":"Disabled"
  }
 ,"Help":{
    "Help Text":"\u003Cp\u003EThe administration page allows application owners (Administrators) to configure the application and maintain common data used across the application.\nBy selecting one of the available settings, administrators can potentially change how the application is displayed and\/or features available to the end users.\u003C\/p\u003E\n\u003Cp\u003EAccess to this page should be limited to Administrators only.\u003C\/p\u003E"
  }
 ,"Regions":[
    {
      "id":"35241405185813282747"
     ,"Identification":{
        "Title":"Breadcrumb"
       ,"Type":"Breadcrumb"
      }
     ,"Source":{
        "Breadcrumb":"Breadcrumb (35240935260612282125)"
      }
     ,"Layout":{
        "Sequence":10
       ,"Parent Region":"No Parent"
       ,"Position":"REGION_POSITION_01"
       ,"Start New Layout":false
       ,"Start New Row":true
       ,"Column":"Automatic"
       ,"New Column":true
       ,"Column Span":"Automatic"
      }
     ,"Appearance":{
        "Template":"Title Bar (35241044747801282170)"
       ,"Template Options":[
          "#DEFAULT#"
         ,"t-BreadcrumbRegion--useBreadcrumbTitle"
        ]
       ,"Render Components":"Above Content"
      }
     ,"Advanced":{
        "Region Display Selector":false
       ,"Exclude Title from Translation":false
      }
     ,"Server Cache":{
        "Caching":"Disabled"
      }
     ,"Customization":{
        "Customizable":"Not Customizable By End Users"
      }
     ,"Attributes":{
        "Appearance":{
          "Breadcrumb Template":"Breadcrumb (35241106932000282197)"
         ,"Template Options":[
            "#DEFAULT#"
          ]
        }
      }
    }
   ,{
      "id":"35241411661018282750"
     ,"Identification":{
        "Title":"Column 1"
       ,"Type":"Static Content"
      }
     ,"Layout":{
        "Sequence":10
       ,"Parent Region":"No Parent"
       ,"Position":"BODY"
       ,"Start New Layout":false
       ,"Start New Row":true
       ,"Column":"Automatic"
       ,"New Column":true
       ,"Column Span":"Automatic"
      }
     ,"Appearance":{
        "Template":"Blank with Attributes (No Grid) (35240973383243282142)"
       ,"Template Options":[
          "#DEFAULT#"
        ]
       ,"Render Components":"Above Content"
      }
     ,"Advanced":{
        "Region Display Selector":false
       ,"Exclude Title from Translation":false
      }
     ,"Server Cache":{
        "Caching":"Disabled"
      }
     ,"Customization":{
        "Customizable":"Not Customizable By End Users"
      }
     ,"Attributes":{
        "Settings":{
          "Output As":"HTML"
         ,"Expand Shortcuts":false
        }
      }
    }
   ,{
      "id":"35241412082552282750"
     ,"Identification":{
        "Title":"Configuration"
       ,"Type":"List"
      }
     ,"Source":{
        "List":"Application Configuration (35241405759182282747)"
      }
     ,"Layout":{
        "Sequence":40
       ,"Parent Region":"Column 1 (35241411661018282750)"
       ,"Position":"BODY"
       ,"Start New Layout":false
       ,"Start New Row":true
       ,"Column":"Automatic"
       ,"New Column":true
       ,"Column Span":"Automatic"
      }
     ,"Appearance":{
        "Template":"Standard (35241032347435282165)"
       ,"Template Options":[
          "#DEFAULT#"
         ,"t-Region--noPadding"
         ,"t-Region--scrollBody"
        ]
       ,"Render Components":"Above Content"
      }
     ,"Advanced":{
        "Region Display Selector":false
       ,"Exclude Title from Translation":false
      }
     ,"Server Cache":{
        "Caching":"Disabled"
      }
     ,"Customization":{
        "Customizable":"Not Customizable By End Users"
      }
     ,"Configuration":{
        "Build Option":"Feature: Configuration Options (35241132621843282211)"
      }
     ,"Attributes":{
        "Appearance":{
          "List Template":"Media List (35241088317289282188)"
         ,"Template Options":[
            "#DEFAULT#"
           ,"u-colors"
          ]
        }
      }
    }
   ,{
      "id":"35241412495743282750"
     ,"Identification":{
        "Title":"User Interface"
       ,"Type":"List"
      }
     ,"Source":{
        "List":"User Interface (35241406404385282748)"
      }
     ,"Layout":{
        "Sequence":50
       ,"Parent Region":"Column 1 (35241411661018282750)"
       ,"Position":"BODY"
       ,"Start New Layout":false
       ,"Start New Row":true
       ,"Column":"Automatic"
       ,"New Column":true
       ,"Column Span":"Automatic"
      }
     ,"Appearance":{
        "Template":"Standard (35241032347435282165)"
       ,"Template Options":[
          "#DEFAULT#"
         ,"t-Region--noPadding"
         ,"t-Region--scrollBody"
        ]
       ,"Render Components":"Above Content"
      }
     ,"Advanced":{
        "Region Display Selector":false
       ,"Exclude Title from Translation":false
      }
     ,"Server Cache":{
        "Caching":"Disabled"
      }
     ,"Customization":{
        "Customizable":"Not Customizable By End Users"
      }
     ,"Configuration":{
        "Build Option":"Feature: Theme Style Selection (35241133022955282211)"
      }
     ,"Attributes":{
        "Appearance":{
          "List Template":"Media List (35241088317289282188)"
         ,"Template Options":[
            "#DEFAULT#"
           ,"u-colors"
          ]
        }
      }
    }
   ,{
      "id":"35241412898491282751"
     ,"Identification":{
        "Title":"Activity Reports"
       ,"Type":"List"
      }
     ,"Source":{
        "List":"Activity Reports (35241407171087282748)"
      }
     ,"Layout":{
        "Sequence":60
       ,"Parent Region":"Column 1 (35241411661018282750)"
       ,"Position":"BODY"
       ,"Start New Layout":false
       ,"Start New Row":true
       ,"Column":"Automatic"
       ,"New Column":true
       ,"Column Span":"Automatic"
      }
     ,"Appearance":{
        "Template":"Standard (35241032347435282165)"
       ,"Template Options":[
          "#DEFAULT#"
         ,"t-Region--noPadding"
         ,"t-Region--scrollBody"
        ]
       ,"Render Components":"Above Content"
      }
     ,"Advanced":{
        "Region Display Selector":false
       ,"Exclude Title from Translation":false
      }
     ,"Server Cache":{
        "Caching":"Disabled"
      }
     ,"Customization":{
        "Customizable":"Not Customizable By End Users"
      }
     ,"Configuration":{
        "Build Option":"Feature: Activity Reporting (35241132355092282211)"
      }
     ,"Attributes":{
        "Appearance":{
          "List Template":"Media List (35241088317289282188)"
         ,"Template Options":[
            "#DEFAULT#"
           ,"u-colors"
          ]
        }
      }
    }
   ,{
      "id":"35241413209028282751"
     ,"Identification":{
        "Title":"Column 2"
       ,"Type":"Static Content"
      }
     ,"Layout":{
        "Sequence":20
       ,"Parent Region":"No Parent"
       ,"Position":"BODY"
       ,"Start New Layout":false
       ,"Start New Row":false
       ,"Column":"Automatic"
       ,"New Column":true
       ,"Column Span":"Automatic"
      }
     ,"Appearance":{
        "Template":"Blank with Attributes (No Grid) (35240973383243282142)"
       ,"Template Options":[
          "#DEFAULT#"
        ]
       ,"Render Components":"Above Content"
      }
     ,"Advanced":{
        "Region Display Selector":false
       ,"Exclude Title from Translation":false
      }
     ,"Server Cache":{
        "Caching":"Disabled"
      }
     ,"Customization":{
        "Customizable":"Not Customizable By End Users"
      }
     ,"Attributes":{
        "Settings":{
          "Output As":"HTML"
         ,"Expand Shortcuts":false
        }
      }
    }
   ,{
      "id":"35241413688054282751"
     ,"Identification":{
        "Title":"Access Control"
       ,"Type":"Static Content"
      }
     ,"Layout":{
        "Sequence":70
       ,"Parent Region":"Column 2 (35241413209028282751)"
       ,"Position":"BODY"
       ,"Start New Layout":false
       ,"Start New Row":true
       ,"Column":"Automatic"
       ,"New Column":true
       ,"Column Span":"Automatic"
      }
     ,"Appearance":{
        "Template":"Standard (35241032347435282165)"
       ,"Template Options":[
          "#DEFAULT#"
         ,"t-Region--noPadding"
         ,"t-Region--scrollBody"
        ]
       ,"Render Components":"Above Content"
      }
     ,"Advanced":{
        "Region Display Selector":false
       ,"Exclude Title from Translation":false
      }
     ,"Server Cache":{
        "Caching":"Disabled"
      }
     ,"Customization":{
        "Customizable":"Not Customizable By End Users"
      }
     ,"Configuration":{
        "Build Option":"Feature: Access Control (35241132202799282211)"
      }
     ,"Attributes":{
        "Settings":{
          "Output As":"HTML"
         ,"Expand Shortcuts":false
        }
      }
    }
   ,{
      "id":"35241414441471282751"
     ,"Identification":{
        "Title":"ACL Information"
       ,"Type":"PL\/SQL Dynamic Content"
      }
     ,"Source":{
        "PL\/SQL Code":"declare\n    l_acl_scope varchar2(45);\nbegin\n    l_acl_scope := apex_app_setting.get_value( p_name =\u003E \u0027ACCESS_CONTROL_SCOPE\u0027 );\n\n    if l_acl_scope = \u0027ALL_USERS\u0027 then\n        sys.htp.p( apex_lang.message(\u0027APEX.FEATURE.ACL.INFO.ALL_USERS\u0027) );\n    elsif l_acl_scope = \u0027ACL_ONLY\u0027 then\n        sys.htp.p( apex_lang.message(\u0027APEX.FEATURE.ACL.INFO.ACL_ONLY\u0027) );\n    else\n        sys.htp.p( apex_lang.message(\u0027APEX.FEATURE.ACL.INFO.ACL_VALUE_INVALID\u0027, l_acl_scope) );\n    end if;\nend;"
      }
     ,"Layout":{
        "Sequence":10
       ,"Parent Region":"Access Control (35241413688054282751)"
       ,"Position":"BODY"
       ,"Start New Layout":false
       ,"Start New Row":true
       ,"Column":"Automatic"
       ,"New Column":true
       ,"Column Span":"Automatic"
      }
     ,"Appearance":{
        "Template":"Alert (35240966710147282139)"
       ,"Template Options":[
          "#DEFAULT#"
         ,"t-Alert--colorBG"
         ,"t-Alert--horizontal"
         ,"t-Alert--noIcon"
         ,"t-Alert--warning"
         ,"t-Alert--accessibleHeading"
        ]
       ,"CSS Classes":[
          "margin-sm"
        ]
       ,"Render Components":"Above Content"
      }
     ,"Advanced":{
        "Region Display Selector":false
       ,"Exclude Title from Translation":false
      }
     ,"Server Cache":{
        "Caching":"Disabled"
      }
     ,"Customization":{
        "Customizable":"Not Customizable By End Users"
      }
    }
   ,{
      "id":"35241414874002282752"
     ,"Identification":{
        "Title":"User Counts Report"
       ,"Type":"Classic Report"
      }
     ,"Source":{
        "Location":"Local Database"
       ,"Type":"SQL Query"
       ,"SQL Query":"select r.role_name, (select count(*) from apex_appl_acl_user_roles ur where r.role_id = ur.role_id) user_count, r.role_id\nfrom apex_appl_acl_roles r\nwhere r.application_id = :APP_ID\ngroup by r.role_name, r.role_id\norder by 2 desc, 1"
      }
     ,"Layout":{
        "Sequence":20
       ,"Parent Region":"Access Control (35241413688054282751)"
       ,"Position":"BODY"
       ,"Start New Layout":false
       ,"Start New Row":true
       ,"Column":"Automatic"
       ,"New Column":true
       ,"Column Span":"Automatic"
      }
     ,"Appearance":{
        "Template":"Standard (35241032347435282165)"
       ,"Template Options":[
          "#DEFAULT#"
         ,"t-Region--removeHeader"
         ,"t-Region--stacked"
         ,"t-Region--scrollBody"
         ,"t-Region--noPadding"
        ]
       ,"Render Components":"Above Content"
      }
     ,"Advanced":{
        "Region Display Selector":false
       ,"Exclude Title from Translation":false
      }
     ,"Server Cache":{
        "Caching":"Disabled"
      }
     ,"Customization":{
        "Customizable":"Not Customizable By End Users"
      }
     ,"Attributes":{
        "Layout":{
          "Number of Rows Type":"Static Value"
         ,"Number of Rows":15
        }
       ,"Appearance":{
          "Template Type":"Theme"
         ,"Template":"Value Attribute Pairs - Row (35241075371644282182)"
         ,"Template Options":[
            "#DEFAULT#"
           ,"t-AVPList--rightAligned"
          ]
        }
       ,"Pagination":{
          "Type":"No Pagination (Show All Rows)"
         ,"Partial Page Refresh":true
        }
       ,"Performance":{
          "Lazy Loading":false
         ,"Maximum Rows to Process":500
        }
       ,"Messages":{
          "When No Data Found":"no data found"
        }
       ,"Break Formatting":{
          "Break Columns":"No Break"
        }
       ,"Advanced":{
          "Strip HTML":true
         ,"Sort Nulls":"Last"
        }
       ,"Heading":{
          "Type":"Custom Headings"
        }
       ,"Download":{
          "CSV Export Enabled":false
        }
       ,"Printing":{
          "Enabled":false
        }
      }
     ,"Columns":[
        {
          "id":"35241415548839282753"
         ,"Identification":{
            "Column Name":"ROLE_NAME"
           ,"Type":"Plain Text"
          }
         ,"Heading":{
            "Heading":"Role Name"
           ,"Alignment":"center"
          }
         ,"Layout":{
            "Sequence":1
           ,"Column Alignment":"start"
          }
         ,"Accessibility":{
            "Value Identifies Row":false
          }
         ,"Sorting":{
            "Sortable":false
          }
         ,"Export \/ Printing":{
            "Include In Export \/ Print":true
          }
         ,"Advanced":{
            "Compute Sum":false
          }
         ,"UI Defaults Reference":{
            "Table Owner":"Parsing Schema"
          }
         ,"Security":{
            "Escape special characters":true
          }
        }
       ,{
          "id":"35241415957979282753"
         ,"Identification":{
            "Column Name":"USER_COUNT"
           ,"Type":"Plain Text"
          }
         ,"Heading":{
            "Heading":"User Count"
           ,"Alignment":"center"
          }
         ,"Layout":{
            "Sequence":2
           ,"Column Alignment":"start"
          }
         ,"Accessibility":{
            "Value Identifies Row":false
          }
         ,"Appearance":{
            "Format Mask":"999G999G999G999G999G999G990"
          }
         ,"Sorting":{
            "Sortable":false
          }
         ,"Export \/ Printing":{
            "Include In Export \/ Print":true
          }
         ,"Advanced":{
            "Compute Sum":false
          }
         ,"UI Defaults Reference":{
            "Table Owner":"Parsing Schema"
          }
         ,"Security":{
            "Escape special characters":true
          }
        }
       ,{
          "id":"35241416381842282753"
         ,"Identification":{
            "Column Name":"ROLE_ID"
           ,"Type":"Plain Text"
          }
         ,"Heading":{
            "Heading":"Role Id"
           ,"Alignment":"center"
          }
         ,"Layout":{
            "Sequence":3
           ,"Column Alignment":"start"
          }
         ,"Accessibility":{
            "Value Identifies Row":false
          }
         ,"Sorting":{
            "Sortable":false
          }
         ,"Export \/ Printing":{
            "Include In Export \/ Print":true
          }
         ,"Advanced":{
            "Compute Sum":false
          }
         ,"UI Defaults Reference":{
            "Table Owner":"Parsing Schema"
          }
         ,"Security":{
            "Escape special characters":true
          }
        }
      ]
    }
   ,{
      "id":"35241419454703282756"
     ,"Identification":{
        "Title":"Access Control Actions"
       ,"Type":"List"
      }
     ,"Source":{
        "List":"Access Control (35241409895134282749)"
      }
     ,"Layout":{
        "Sequence":30
       ,"Parent Region":"Access Control (35241413688054282751)"
       ,"Position":"BODY"
       ,"Start New Layout":false
       ,"Start New Row":true
       ,"Column":"Automatic"
       ,"New Column":true
       ,"Column Span":"Automatic"
      }
     ,"Appearance":{
        "Template":"Blank with Attributes (35240971954959282141)"
       ,"Template Options":[
          "#DEFAULT#"
        ]
       ,"Render Components":"Above Content"
      }
     ,"Advanced":{
        "Region Display Selector":false
       ,"Exclude Title from Translation":false
      }
     ,"Server Cache":{
        "Caching":"Disabled"
      }
     ,"Customization":{
        "Customizable":"Not Customizable By End Users"
      }
     ,"Attributes":{
        "Appearance":{
          "List Template":"Media List (35241088317289282188)"
         ,"Template Options":[
            "#DEFAULT#"
           ,"u-colors"
          ]
        }
      }
    }
   ,{
      "id":"35241419814986282756"
     ,"Identification":{
        "Title":"Feedback"
       ,"Type":"Static Content"
      }
     ,"Layout":{
        "Sequence":80
       ,"Parent Region":"Column 2 (35241413209028282751)"
       ,"Position":"BODY"
       ,"Start New Layout":false
       ,"Start New Row":true
       ,"Column":"Automatic"
       ,"New Column":true
       ,"Column Span":"Automatic"
      }
     ,"Appearance":{
        "Template":"Standard (35241032347435282165)"
       ,"Template Options":[
          "#DEFAULT#"
         ,"t-Region--noPadding"
         ,"t-Region--scrollBody"
        ]
       ,"Render Components":"Above Content"
      }
     ,"Advanced":{
        "Region Display Selector":false
       ,"Exclude Title from Translation":false
      }
     ,"Server Cache":{
        "Caching":"Disabled"
      }
     ,"Customization":{
        "Customizable":"Not Customizable By End Users"
      }
     ,"Configuration":{
        "Build Option":"Feature: Feedback (35241132408987282211)"
      }
     ,"Attributes":{
        "Settings":{
          "Output As":"HTML"
         ,"Expand Shortcuts":false
        }
      }
    }
   ,{
      "id":"35241420225279282756"
     ,"Identification":{
        "Title":"Report"
       ,"Type":"Classic Report"
      }
     ,"Source":{
        "Location":"Local Database"
       ,"Type":"SQL Query"
       ,"SQL Query":"select l.display_value feedback_status, \n(select count(*) from apex_team_feedback f where f.application_id = :APP_ID and f.feedback_status = l.return_value) feedback_count \nfrom apex_application_lov_entries l\nwhere l.application_id = :APP_ID\nand l.list_of_values_name = \u0027FEEDBACK_STATUS\u0027\norder by 2 desc, 1"
      }
     ,"Layout":{
        "Sequence":10
       ,"Parent Region":"Feedback (35241419814986282756)"
       ,"Position":"BODY"
       ,"Start New Layout":false
       ,"Start New Row":true
       ,"Column":"Automatic"
       ,"New Column":true
       ,"Column Span":"Automatic"
      }
     ,"Appearance":{
        "Template":"Standard (35241032347435282165)"
       ,"Template Options":[
          "#DEFAULT#"
         ,"t-Region--removeHeader"
         ,"t-Region--stacked"
         ,"t-Region--scrollBody"
         ,"t-Region--noPadding"
        ]
       ,"Render Components":"Above Content"
      }
     ,"Advanced":{
        "Region Display Selector":false
       ,"Exclude Title from Translation":false
      }
     ,"Server Cache":{
        "Caching":"Disabled"
      }
     ,"Customization":{
        "Customizable":"Not Customizable By End Users"
      }
     ,"Attributes":{
        "Layout":{
          "Number of Rows Type":"Static Value"
         ,"Number of Rows":15
        }
       ,"Appearance":{
          "Template Type":"Theme"
         ,"Template":"Value Attribute Pairs - Row (35241075371644282182)"
         ,"Template Options":[
            "#DEFAULT#"
           ,"t-AVPList--rightAligned"
          ]
        }
       ,"Pagination":{
          "Type":"No Pagination (Show All Rows)"
         ,"Partial Page Refresh":true
        }
       ,"Performance":{
          "Lazy Loading":false
         ,"Maximum Rows to Process":500
        }
       ,"Messages":{
          "When No Data Found":"no data found"
        }
       ,"Break Formatting":{
          "Break Columns":"No Break"
        }
       ,"Advanced":{
          "Strip HTML":true
         ,"Sort Nulls":"Last"
        }
       ,"Heading":{
          "Type":"Custom Headings"
        }
       ,"Download":{
          "CSV Export Enabled":false
        }
       ,"Printing":{
          "Enabled":false
        }
      }
     ,"Columns":[
        {
          "id":"35241420835007282765"
         ,"Identification":{
            "Column Name":"FEEDBACK_STATUS"
           ,"Type":"Plain Text"
          }
         ,"Heading":{
            "Heading":"Feedback Status"
           ,"Alignment":"center"
          }
         ,"Layout":{
            "Sequence":1
           ,"Column Alignment":"start"
          }
         ,"Accessibility":{
            "Value Identifies Row":false
          }
         ,"Sorting":{
            "Sortable":false
          }
         ,"Export \/ Printing":{
            "Include In Export \/ Print":true
          }
         ,"Advanced":{
            "Compute Sum":false
          }
         ,"UI Defaults Reference":{
            "Table Owner":"Parsing Schema"
          }
         ,"Security":{
            "Escape special characters":true
          }
        }
       ,{
          "id":"35241421289936282765"
         ,"Identification":{
            "Column Name":"FEEDBACK_COUNT"
           ,"Type":"Plain Text"
          }
         ,"Heading":{
            "Heading":"Feedback Count"
           ,"Alignment":"center"
          }
         ,"Layout":{
            "Sequence":2
           ,"Column Alignment":"start"
          }
         ,"Accessibility":{
            "Value Identifies Row":false
          }
         ,"Appearance":{
            "Format Mask":"999G999G999G999G999G999G990"
          }
         ,"Sorting":{
            "Sortable":false
          }
         ,"Export \/ Printing":{
            "Include In Export \/ Print":true
          }
         ,"Advanced":{
            "Compute Sum":false
          }
         ,"UI Defaults Reference":{
            "Table Owner":"Parsing Schema"
          }
         ,"Security":{
            "Escape special characters":true
          }
        }
      ]
    }
   ,{
      "id":"35241423188146282766"
     ,"Identification":{
        "Title":"Feedback"
       ,"Type":"List"
      }
     ,"Source":{
        "List":"Feedback (35241410956367282750)"
      }
     ,"Layout":{
        "Sequence":20
       ,"Parent Region":"Feedback (35241419814986282756)"
       ,"Position":"BODY"
       ,"Start New Layout":false
       ,"Start New Row":true
       ,"Column":"Automatic"
       ,"New Column":true
       ,"Column Span":"Automatic"
      }
     ,"Appearance":{
        "Template":"Blank with Attributes (35240971954959282141)"
       ,"Template Options":[
          "#DEFAULT#"
        ]
       ,"Render Components":"Above Content"
      }
     ,"Advanced":{
        "Region Display Selector":false
       ,"Exclude Title from Translation":false
      }
     ,"Server Cache":{
        "Caching":"Disabled"
      }
     ,"Customization":{
        "Customizable":"Not Customizable By End Users"
      }
     ,"Attributes":{
        "Appearance":{
          "List Template":"Media List (35241088317289282188)"
         ,"Template Options":[
            "#DEFAULT#"
           ,"u-colors"
          ]
        }
      }
    }
  ]
 ,"Buttons":[
    {
      "id":"35241414053398282751"
     ,"Identification":{
        "Button Name":"ADD_USER"
       ,"Label":"Add User"
      }
     ,"Layout":{
        "Sequence":10
       ,"Region":"Access Control (35241413688054282751)"
       ,"Position":"EDIT"
       ,"Start New Layout":false
       ,"Start New Row":true
       ,"Column":"Automatic"
       ,"New Column":true
       ,"Column Span":"Automatic"
      }
     ,"Appearance":{
        "Button Template":"Text with Icon (35241105438709282196)"
       ,"Hot":false
       ,"Template Options":[
          "#DEFAULT#"
         ,"t-Button--noUI"
         ,"t-Button--iconLeft"
        ]
       ,"Icon":"fa-user-plus"
      }
     ,"Behavior":{
        "Action":"Redirect to Page in this Application"
       ,"Target":{
          "url":"f?p=\u0026APP_ID.:10042:\u0026SESSION.::\u0026DEBUG.:RP,10042::"
         ,"Page":"10042"
         ,"Clear Cache":"RP,10042"
        }
       ,"Warn on Unsaved Changes":"Do Not Check"
      }
    }
  ]
 ,"Dynamic Actions":[
    {
      "id":"35241418586061282755"
     ,"Identification":{
        "Name":"Refresh Report"
      }
     ,"Execution Options":{
        "Sequence":10
      }
     ,"When":{
        "Event":"EVENT.EVENT.FAMEWORK.APEXAFTERCLOSEDIALOG"
       ,"Selection Type":"Button"
       ,"Button":"ADD_USER (35241414053398282751)"
      }
     ,"Advanced":{
        "Event Scope":"Static"
      }
     ,"Actions":[
        {
          "id":"35241419072125282756"
         ,"Identification":{
            "Action":"Refresh"
          }
         ,"Affected Elements":{
            "Selection Type":"Region"
           ,"Region":"User Counts Report (35241414874002282752)"
          }
         ,"Execution Options":{
            "Sequence":10
           ,"Event":"Refresh Report (35241418586061282755)"
           ,"Fire When Event Result Is":"True"
           ,"Fire on Initialization":false
          }
        }
      ]
    }
  ]
}
