[
  {
    "id":"35241134595919282212"
   ,"Identification":{
      "Name":"Administrator"
    }
   ,"Advanced":{
      "Static ID":"ADMINISTRATOR"
    }
   ,"Description":{
      "Description":"Role assigned to application administrators."
    }
  }
 ,{
    "id":"35241134768371282212"
   ,"Identification":{
      "Name":"Contributor"
    }
   ,"Advanced":{
      "Static ID":"CONTRIBUTOR"
    }
   ,"Description":{
      "Description":"Role assigned to application contributors."
    }
  }
 ,{
    "id":"35241134867810282212"
   ,"Identification":{
      "Name":"Reader"
    }
   ,"Advanced":{
      "Static ID":"READER"
    }
   ,"Description":{
      "Description":"Role assigned to application readers."
    }
  }
]
