[
  {
    "id":"35241131442710282209"
   ,"Identification":{
      "File Name":"icons\/app-icon-32.png"
    }
   ,"Attributes":{
      "Mime Type":"image\/png"
     ,"File Character Set":"Unicode UTF-8"
    }
  }
 ,{
    "id":"35241131758738282210"
   ,"Identification":{
      "File Name":"icons\/app-icon-192.png"
    }
   ,"Attributes":{
      "Mime Type":"image\/png"
     ,"File Character Set":"Unicode UTF-8"
    }
  }
 ,{
    "id":"35241132011103282210"
   ,"Identification":{
      "File Name":"icons\/app-icon-512.png"
    }
   ,"Attributes":{
      "Mime Type":"image\/png"
     ,"File Character Set":"Unicode UTF-8"
    }
  }
]
