[
  {
    "id":"35240935260612282125"
   ,"Identification":{
      "Name":"Breadcrumb"
    }
   ,"Entries":[
      {
        "id":"35240935445291282125"
       ,"Identification":{
          "Name":"Home"
         ,"Page Number":"1"
        }
       ,"Execution Options":{
          "Sequence":10
        }
       ,"Link":{
          "Target":{
            "url":"f?p=\u0026APP_ID.:1:\u0026APP_SESSION.::\u0026DEBUG."
           ,"Page":"1"
          }
        }
      }
     ,{
        "id":"35241156513674282257"
       ,"Identification":{
          "Name":"Dashboard"
         ,"Page Number":"2"
        }
       ,"Execution Options":{
          "Sequence":10
        }
       ,"Link":{
          "Target":{
            "url":"f?p=\u0026APP_ID.:2:\u0026APP_SESSION.::\u0026DEBUG.:::"
           ,"Page":"2"
          }
        }
      }
     ,{
        "id":"35241168944374282267"
       ,"Identification":{
          "Name":"Airtel Tracker Search"
         ,"Page Number":"3"
        }
       ,"Execution Options":{
          "Sequence":10
        }
       ,"Link":{
          "Target":{
            "url":"f?p=\u0026APP_ID.:3:\u0026APP_SESSION.::\u0026DEBUG.:::"
           ,"Page":"3"
          }
        }
      }
     ,{
        "id":"35241195738940282562"
       ,"Identification":{
          "Name":"Airtel Tracker Report"
         ,"Page Number":"4"
        }
       ,"Execution Options":{
          "Sequence":10
        }
       ,"Link":{
          "Target":{
            "url":"f?p=\u0026APP_ID.:4:\u0026APP_SESSION.::\u0026DEBUG.:::"
           ,"Page":"4"
          }
        }
      }
     ,{
        "id":"35241198467709282566"
       ,"Identification":{
          "Name":"Calendar"
         ,"Page Number":"6"
        }
       ,"Execution Options":{
          "Sequence":10
        }
       ,"Link":{
          "Target":{
            "url":"f?p=\u0026APP_ID.:6:\u0026APP_SESSION.::\u0026DEBUG.:::"
           ,"Page":"6"
          }
        }
      }
     ,{
        "id":"35241405599243282747"
       ,"Identification":{
          "Name":"Administration"
         ,"Page Number":"10000"
        }
       ,"Execution Options":{
          "Sequence":10
        }
       ,"Link":{
          "Target":{
            "url":"f?p=\u0026APP_ID.:10000:\u0026APP_SESSION.::\u0026DEBUG.:::"
           ,"Page":"10000"
          }
        }
      }
    ]
  }
]
