[
  {
    "id":"35240934686122282125"
   ,"Identification":{
      "Name":"Commented Out"
    }
   ,"Status":{
      "Status":"Exclude"
     ,"Default on Export":"Same as Current Status"
     ,"On Upgrade Keep Status":false
    }
  }
 ,{
    "id":"35241132202799282211"
   ,"Identification":{
      "Name":"Feature: Access Control"
    }
   ,"Status":{
      "Status":"Include"
     ,"Default on Export":"Same as Current Status"
     ,"On Upgrade Keep Status":false
    }
   ,"Comments":{
      "Comments":"Incorporate role based user authentication within your application and manage username mappings to application roles."
    }
  }
 ,{
    "id":"35241132355092282211"
   ,"Identification":{
      "Name":"Feature: Activity Reporting"
    }
   ,"Status":{
      "Status":"Include"
     ,"Default on Export":"Same as Current Status"
     ,"On Upgrade Keep Status":false
    }
   ,"Comments":{
      "Comments":"Include numerous reports and charts on end user activity."
    }
  }
 ,{
    "id":"35241132408987282211"
   ,"Identification":{
      "Name":"Feature: Feedback"
    }
   ,"Status":{
      "Status":"Include"
     ,"Default on Export":"Same as Current Status"
     ,"On Upgrade Keep Status":false
    }
   ,"Comments":{
      "Comments":"Provide a mechanism for end users to post general comments back to the application administrators and developers."
    }
  }
 ,{
    "id":"35241132621843282211"
   ,"Identification":{
      "Name":"Feature: Configuration Options"
    }
   ,"Status":{
      "Status":"Include"
     ,"Default on Export":"Same as Current Status"
     ,"On Upgrade Keep Status":false
    }
   ,"Comments":{
      "Comments":"Allow application administrators to enable or disable specific functionality, associated with an Oracle APEX build option, from within the application."
    }
  }
 ,{
    "id":"35241132971706282211"
   ,"Identification":{
      "Name":"Feature: About Page"
    }
   ,"Status":{
      "Status":"Include"
     ,"Default on Export":"Same as Current Status"
     ,"On Upgrade Keep Status":false
    }
   ,"Comments":{
      "Comments":"About this application page."
    }
  }
 ,{
    "id":"35241133022955282211"
   ,"Identification":{
      "Name":"Feature: Theme Style Selection"
    }
   ,"Status":{
      "Status":"Include"
     ,"Default on Export":"Same as Current Status"
     ,"On Upgrade Keep Status":false
    }
   ,"Comments":{
      "Comments":"Allow administrators to select a default color scheme (theme style) for the application. Administrators can also choose to allow end users to choose their own theme style. "
    }
  }
]
