[
  {
    "id":"35240935797010282126"
   ,"Identification":{
      "Name":"Navigation Menu"
     ,"Type":"Static Values"
    }
   ,"Entries":[
      {
        "id":"35241143048529282245"
       ,"Label":{
          "Label":"Home"
        }
       ,"Icon":{
          "Image\/Icon CSS Classes":"fa-home"
        }
       ,"Layout":{
          "Sequence":10
        }
       ,"Is Current":{
          "Type":"Target Page"
        }
       ,"Link":{
          "Target":{
            "url":"f?p=\u0026APP_ID.:1:\u0026APP_SESSION.::\u0026DEBUG.:"
           ,"Page":"1"
          }
        }
       ,"Click Counting":{
          "Count Clicks":false
        }
       ,"User Defined Attributes":{
          "Translatable":false
        }
      }
     ,{
        "id":"35241144599163282246"
       ,"Label":{
          "Label":"Dashboard"
        }
       ,"Icon":{
          "Image\/Icon CSS Classes":"fa-dashboard"
        }
       ,"Layout":{
          "Sequence":20
        }
       ,"Is Current":{
          "Type":"Target Page"
        }
       ,"Link":{
          "Target":{
            "url":"f?p=\u0026APP_ID.:2:\u0026APP_SESSION.::\u0026DEBUG.:"
           ,"Page":"2"
          }
        }
       ,"Click Counting":{
          "Count Clicks":false
        }
       ,"User Defined Attributes":{
          "Translatable":false
        }
      }
     ,{
        "id":"35241156963082282257"
       ,"Label":{
          "Label":"Airtel Tracker Search"
        }
       ,"Icon":{
          "Image\/Icon CSS Classes":"fa-table-search"
        }
       ,"Layout":{
          "Sequence":30
        }
       ,"Is Current":{
          "Type":"Target Page"
        }
       ,"Link":{
          "Target":{
            "url":"f?p=\u0026APP_ID.:3:\u0026APP_SESSION.::\u0026DEBUG.:"
           ,"Page":"3"
          }
        }
       ,"Click Counting":{
          "Count Clicks":false
        }
       ,"User Defined Attributes":{
          "Translatable":false
        }
      }
     ,{
        "id":"35241169354953282268"
       ,"Label":{
          "Label":"Airtel Tracker Report"
        }
       ,"Icon":{
          "Image\/Icon CSS Classes":"fa-table"
        }
       ,"Layout":{
          "Sequence":40
        }
       ,"Is Current":{
          "Type":"Target Page"
        }
       ,"Link":{
          "Target":{
            "url":"f?p=\u0026APP_ID.:4:\u0026APP_SESSION.::\u0026DEBUG.:"
           ,"Page":"4"
          }
        }
       ,"Click Counting":{
          "Count Clicks":false
        }
       ,"User Defined Attributes":{
          "Translatable":false
        }
      }
     ,{
        "id":"35241196854437282564"
       ,"Label":{
          "Label":"Calendar"
        }
       ,"Icon":{
          "Image\/Icon CSS Classes":"fa-calendar-o"
        }
       ,"Layout":{
          "Sequence":50
        }
       ,"Is Current":{
          "Type":"Target Page"
        }
       ,"Link":{
          "Target":{
            "url":"f?p=\u0026APP_ID.:6:\u0026APP_SESSION.::\u0026DEBUG.:"
           ,"Page":"6"
          }
        }
       ,"Click Counting":{
          "Count Clicks":false
        }
       ,"User Defined Attributes":{
          "Translatable":false
        }
      }
     ,{
        "id":"35241404642741282747"
       ,"Label":{
          "Label":"Administration"
        }
       ,"Icon":{
          "Image\/Icon CSS Classes":"fa-user-wrench"
        }
       ,"Layout":{
          "Sequence":10000
        }
       ,"Is Current":{
          "Type":"Target Page"
        }
       ,"Link":{
          "Target":{
            "url":"f?p=\u0026APP_ID.:10000:\u0026APP_SESSION.::\u0026DEBUG.:"
           ,"Page":"10000"
          }
        }
       ,"Click Counting":{
          "Count Clicks":false
        }
       ,"User Defined Attributes":{
          "Translatable":false
        }
       ,"Security":{
          "Authorization Scheme":"Administration Rights (35241134946712282212)"
        }
      }
    ]
  }
 ,{
    "id":"35241129924454282207"
   ,"Identification":{
      "Name":"Navigation Bar"
     ,"Type":"Static Values"
    }
   ,"Entries":[
      {
        "id":"35241400842170282744"
       ,"Label":{
          "Label":"Install App"
        }
       ,"Icon":{
          "Image\/Icon CSS Classes":"fa-cloud-download"
        }
       ,"Layout":{
          "Sequence":10
        }
       ,"Is Current":{
          "Type":"Never"
        }
       ,"Link":{
          "Target":"#action$a-pwa-install"
        }
       ,"Click Counting":{
          "Count Clicks":false
        }
       ,"User Defined Attributes":{
          "Translatable":false
         ,"2.":"a-pwaInstall"
        }
      }
     ,{
        "id":"35241401265250282745"
       ,"Label":{
          "Label":"Feedback"
        }
       ,"Icon":{
          "Image\/Icon CSS Classes":"fa-comment-o"
        }
       ,"Layout":{
          "Sequence":20
        }
       ,"Is Current":{
          "Type":"Target Page"
        }
       ,"Link":{
          "Target":{
            "url":"f?p=\u0026APP_ID.:10050:\u0026SESSION.::\u0026DEBUG.:RP,10050:P10050_PAGE_ID:\u0026APP_PAGE_ID.:"
           ,"Page":"10050"
           ,"Clear Cache":"RP,10050"
           ,"Values":{
              "P10050_PAGE_ID":"\u0026APP_PAGE_ID."
            }
          }
        }
       ,"Click Counting":{
          "Count Clicks":false
        }
       ,"User Defined Attributes":{
          "Translatable":false
         ,"2.":"icon-only"
        }
       ,"Server-side Condition":{
          "Type":"Expression"
         ,"Language":"PL\/SQL"
         ,"PL\/SQL Expression":"apex_util.feedback_enabled"
        }
       ,"Configuration":{
          "Build Option":"Feature: Feedback (35241132408987282211)"
        }
      }
     ,{
        "id":"35241401586153282745"
       ,"Label":{
          "Label":"About"
        }
       ,"Icon":{
          "Image\/Icon CSS Classes":"fa-question-circle-o"
        }
       ,"Layout":{
          "Sequence":30
        }
       ,"Is Current":{
          "Type":"Target Page"
        }
       ,"User Defined Attributes":{
          "Translatable":false
         ,"2.":"icon-only"
        }
       ,"Configuration":{
          "Build Option":"Feature: About Page (35241132971706282211)"
        }
      }
     ,{
        "id":"35241402019348282745"
       ,"Label":{
          "Label":"Page Help"
        }
       ,"Icon":{
          "Image\/Icon CSS Classes":"fa-question-circle-o"
        }
       ,"Layout":{
          "Sequence":40
         ,"Parent Entry":"About (35241401586153282745)"
        }
       ,"Is Current":{
          "Type":"Target Page"
        }
       ,"Link":{
          "Target":{
            "url":"f?p=\u0026APP_ID.:10061:\u0026SESSION.::\u0026DEBUG.::P10061_PAGE_ID:\u0026APP_PAGE_ID.:"
           ,"Page":"10061"
           ,"Values":{
              "P10061_PAGE_ID":"\u0026APP_PAGE_ID."
            }
          }
        }
       ,"Click Counting":{
          "Count Clicks":false
        }
       ,"User Defined Attributes":{
          "Translatable":false
         ,"2.":"icon-only"
        }
       ,"Configuration":{
          "Build Option":"Feature: About Page (35241132971706282211)"
        }
      }
     ,{
        "id":"35241402487420282745"
       ,"Label":{
          "Label":"---"
        }
       ,"Layout":{
          "Sequence":50
         ,"Parent Entry":"About (35241401586153282745)"
        }
       ,"Is Current":{
          "Type":"Target Page"
        }
       ,"Link":{
          "Target":"separator"
        }
       ,"Click Counting":{
          "Count Clicks":false
        }
       ,"User Defined Attributes":{
          "Translatable":false
        }
      }
     ,{
        "id":"35241402835694282746"
       ,"Label":{
          "Label":"About Page"
        }
       ,"Icon":{
          "Image\/Icon CSS Classes":"fa-info-circle-o"
        }
       ,"Layout":{
          "Sequence":60
         ,"Parent Entry":"About (35241401586153282745)"
        }
       ,"Is Current":{
          "Type":"Target Page"
        }
       ,"Link":{
          "Target":{
            "url":"f?p=\u0026APP_ID.:10060:\u0026SESSION.::\u0026DEBUG.:10060"
           ,"Page":"10060"
           ,"Clear Cache":"10060"
          }
        }
       ,"Click Counting":{
          "Count Clicks":false
        }
       ,"User Defined Attributes":{
          "Translatable":false
        }
       ,"Configuration":{
          "Build Option":"Feature: About Page (35241132971706282211)"
        }
      }
     ,{
        "id":"35241403167221282746"
       ,"Label":{
          "Label":"\u0026APP_USER."
        }
       ,"Icon":{
          "Image\/Icon CSS Classes":"fa-user"
        }
       ,"Layout":{
          "Sequence":70
        }
       ,"Is Current":{
          "Type":"Target Page"
        }
       ,"Link":{
          "Target":"#"
        }
       ,"Click Counting":{
          "Count Clicks":false
        }
       ,"User Defined Attributes":{
          "Translatable":false
         ,"2.":"has-username"
        }
      }
     ,{
        "id":"35241403602100282746"
       ,"Label":{
          "Label":"---"
        }
       ,"Layout":{
          "Sequence":80
         ,"Parent Entry":"\u0026APP_USER. (35241403167221282746)"
        }
       ,"Is Current":{
          "Type":"Target Page"
        }
       ,"Link":{
          "Target":"separator"
        }
       ,"Click Counting":{
          "Count Clicks":false
        }
       ,"User Defined Attributes":{
          "Translatable":false
        }
      }
     ,{
        "id":"35241404053017282746"
       ,"Label":{
          "Label":"Sign Out"
        }
       ,"Icon":{
          "Image\/Icon CSS Classes":"fa-sign-out"
        }
       ,"Layout":{
          "Sequence":90
         ,"Parent Entry":"\u0026APP_USER. (35241403167221282746)"
        }
       ,"Is Current":{
          "Type":"Target Page"
        }
       ,"Link":{
          "Target":"\u0026LOGOUT_URL."
        }
       ,"Click Counting":{
          "Count Clicks":false
        }
       ,"User Defined Attributes":{
          "Translatable":false
        }
      }
    ]
  }
 ,{
    "id":"35241232658625282590"
   ,"Identification":{
      "Name":"Page Navigation"
     ,"Type":"Static Values"
    }
   ,"Entries":[
      {
        "id":"35241233061560282591"
       ,"Label":{
          "Label":"Dashboard"
        }
       ,"Icon":{
          "Image\/Icon CSS Classes":"fa-dashboard"
        }
       ,"Layout":{
          "Sequence":20
        }
       ,"Is Current":{
          "Type":"Target Page"
        }
       ,"Link":{
          "Target":{
            "url":"f?p=\u0026APP_ID.:2:\u0026APP_SESSION.::\u0026DEBUG.:"
           ,"Page":"2"
          }
        }
       ,"Click Counting":{
          "Count Clicks":false
        }
       ,"User Defined Attributes":{
          "Translatable":false
        }
      }
     ,{
        "id":"35241233407394282591"
       ,"Label":{
          "Label":"Airtel Tracker Search"
        }
       ,"Icon":{
          "Image\/Icon CSS Classes":"fa-table-search"
        }
       ,"Layout":{
          "Sequence":30
        }
       ,"Is Current":{
          "Type":"Target Page"
        }
       ,"Link":{
          "Target":{
            "url":"f?p=\u0026APP_ID.:3:\u0026APP_SESSION.::\u0026DEBUG.:"
           ,"Page":"3"
          }
        }
       ,"Click Counting":{
          "Count Clicks":false
        }
       ,"User Defined Attributes":{
          "Translatable":false
        }
      }
     ,{
        "id":"35241233827339282591"
       ,"Label":{
          "Label":"Airtel Tracker Report"
        }
       ,"Icon":{
          "Image\/Icon CSS Classes":"fa-table"
        }
       ,"Layout":{
          "Sequence":40
        }
       ,"Is Current":{
          "Type":"Target Page"
        }
       ,"Link":{
          "Target":{
            "url":"f?p=\u0026APP_ID.:4:\u0026APP_SESSION.::\u0026DEBUG.:"
           ,"Page":"4"
          }
        }
       ,"Click Counting":{
          "Count Clicks":false
        }
       ,"User Defined Attributes":{
          "Translatable":false
        }
      }
     ,{
        "id":"35241234280919282591"
       ,"Label":{
          "Label":"Calendar"
        }
       ,"Icon":{
          "Image\/Icon CSS Classes":"fa-calendar-o"
        }
       ,"Layout":{
          "Sequence":50
        }
       ,"Is Current":{
          "Type":"Target Page"
        }
       ,"Link":{
          "Target":{
            "url":"f?p=\u0026APP_ID.:6:\u0026APP_SESSION.::\u0026DEBUG.:"
           ,"Page":"6"
          }
        }
       ,"Click Counting":{
          "Count Clicks":false
        }
       ,"User Defined Attributes":{
          "Translatable":false
        }
      }
    ]
  }
 ,{
    "id":"35241405759182282747"
   ,"Identification":{
      "Name":"Application Configuration"
     ,"Type":"Static Values"
    }
   ,"Configuration":{
      "Build Option":"Feature: Configuration Options (35241132621843282211)"
    }
   ,"Entries":[
      {
        "id":"35241406139380282748"
       ,"Label":{
          "Label":"Configuration Options"
        }
       ,"Icon":{
          "Image\/Icon CSS Classes":"fa-sliders"
        }
       ,"Layout":{
          "Sequence":10
        }
       ,"Is Current":{
          "Type":"Target Page"
        }
       ,"Link":{
          "Target":{
            "url":"f?p=\u0026APP_ID.:10010:\u0026SESSION.::\u0026DEBUG.:10010:::"
           ,"Page":"10010"
           ,"Clear Cache":"10010"
          }
        }
       ,"Click Counting":{
          "Count Clicks":false
        }
       ,"User Defined Attributes":{
          "Translatable":false
         ,"1.":"Enable or disable application features"
        }
       ,"Configuration":{
          "Build Option":"Feature: Configuration Options (35241132621843282211)"
        }
      }
    ]
  }
 ,{
    "id":"35241406404385282748"
   ,"Identification":{
      "Name":"User Interface"
     ,"Type":"Static Values"
    }
   ,"Configuration":{
      "Build Option":"Feature: Theme Style Selection (35241133022955282211)"
    }
   ,"Entries":[
      {
        "id":"35241406807334282748"
       ,"Label":{
          "Label":"Theme Style Selection"
        }
       ,"Icon":{
          "Image\/Icon CSS Classes":"fa-paint-brush"
        }
       ,"Layout":{
          "Sequence":10
        }
       ,"Is Current":{
          "Type":"Target Page"
        }
       ,"Link":{
          "Target":{
            "url":"f?p=\u0026APP_ID.:10020:\u0026SESSION.::\u0026DEBUG.:10020:::"
           ,"Page":"10020"
           ,"Clear Cache":"10020"
          }
        }
       ,"Click Counting":{
          "Count Clicks":false
        }
       ,"User Defined Attributes":{
          "Translatable":false
         ,"1.":"Set the default application look and feel"
        }
       ,"Configuration":{
          "Build Option":"Feature: Theme Style Selection (35241133022955282211)"
        }
      }
    ]
  }
 ,{
    "id":"35241407171087282748"
   ,"Identification":{
      "Name":"Activity Reports"
     ,"Type":"Static Values"
    }
   ,"Configuration":{
      "Build Option":"Feature: Activity Reporting (35241132355092282211)"
    }
   ,"Entries":[
      {
        "id":"35241407571072282748"
       ,"Label":{
          "Label":"Dashboard"
        }
       ,"Icon":{
          "Image\/Icon CSS Classes":"fa-area-chart"
        }
       ,"Layout":{
          "Sequence":10
        }
       ,"Is Current":{
          "Type":"Target Page"
        }
       ,"Link":{
          "Target":{
            "url":"f?p=\u0026APP_ID.:10030:\u0026SESSION.::\u0026DEBUG.:10030:::"
           ,"Page":"10030"
           ,"Clear Cache":"10030"
          }
        }
       ,"Click Counting":{
          "Count Clicks":false
        }
       ,"User Defined Attributes":{
          "Translatable":false
         ,"1.":"View application activity metrics"
        }
      }
     ,{
        "id":"35241407961846282748"
       ,"Label":{
          "Label":"Top Users"
        }
       ,"Icon":{
          "Image\/Icon CSS Classes":"fa-user-chart"
        }
       ,"Layout":{
          "Sequence":20
        }
       ,"Is Current":{
          "Type":"Target Page"
        }
       ,"Link":{
          "Target":{
            "url":"f?p=\u0026APP_ID.:10031:\u0026SESSION.::\u0026DEBUG.:10031:::"
           ,"Page":"10031"
           ,"Clear Cache":"10031"
          }
        }
       ,"Click Counting":{
          "Count Clicks":false
        }
       ,"User Defined Attributes":{
          "Translatable":false
         ,"1.":"Report of page views aggregated by user"
        }
      }
     ,{
        "id":"35241408356040282748"
       ,"Label":{
          "Label":"Application Error Log"
        }
       ,"Icon":{
          "Image\/Icon CSS Classes":"fa-exclamation"
        }
       ,"Layout":{
          "Sequence":30
        }
       ,"Is Current":{
          "Type":"Target Page"
        }
       ,"Link":{
          "Target":{
            "url":"f?p=\u0026APP_ID.:10032:\u0026SESSION.::\u0026DEBUG.:10032:::"
           ,"Page":"10032"
           ,"Clear Cache":"10032"
          }
        }
       ,"Click Counting":{
          "Count Clicks":false
        }
       ,"User Defined Attributes":{
          "Translatable":false
         ,"1.":"Report of errors logged by this application"
        }
      }
     ,{
        "id":"35241408784763282749"
       ,"Label":{
          "Label":"Page Performance"
        }
       ,"Icon":{
          "Image\/Icon CSS Classes":"fa-file-chart"
        }
       ,"Layout":{
          "Sequence":40
        }
       ,"Is Current":{
          "Type":"Target Page"
        }
       ,"Link":{
          "Target":{
            "url":"f?p=\u0026APP_ID.:10033:\u0026SESSION.::\u0026DEBUG.:10033:::"
           ,"Page":"10033"
           ,"Clear Cache":"10033"
          }
        }
       ,"Click Counting":{
          "Count Clicks":false
        }
       ,"User Defined Attributes":{
          "Translatable":false
         ,"1.":"Report of activity and performance by application page"
        }
      }
     ,{
        "id":"35241409186356282749"
       ,"Label":{
          "Label":"Page Views"
        }
       ,"Icon":{
          "Image\/Icon CSS Classes":"fa-file-search"
        }
       ,"Layout":{
          "Sequence":50
        }
       ,"Is Current":{
          "Type":"Target Page"
        }
       ,"Link":{
          "Target":{
            "url":"f?p=\u0026APP_ID.:10034:\u0026SESSION.::\u0026DEBUG.:RR,10034:::"
           ,"Page":"10034"
           ,"Clear Cache":"RR,10034"
          }
        }
       ,"Click Counting":{
          "Count Clicks":false
        }
       ,"User Defined Attributes":{
          "Translatable":false
         ,"1.":"Report of each page view by user including date of access and elapsed time"
        }
      }
     ,{
        "id":"35241409537731282749"
       ,"Label":{
          "Label":"Automations Log"
        }
       ,"Icon":{
          "Image\/Icon CSS Classes":"fa-gears"
        }
       ,"Layout":{
          "Sequence":60
        }
       ,"Is Current":{
          "Type":"Target Page"
        }
       ,"Link":{
          "Target":{
            "url":"f?p=\u0026APP_ID.:10035:\u0026SESSION.::\u0026DEBUG.:RR,10035:::"
           ,"Page":"10035"
           ,"Clear Cache":"RR,10035"
          }
        }
       ,"Click Counting":{
          "Count Clicks":false
        }
       ,"User Defined Attributes":{
          "Translatable":false
         ,"1.":"Report of automation executions and messages logged by this application"
        }
       ,"Server-side Condition":{
          "Type":"Rows returned"
         ,"SQL Query":"select 1\nfrom apex_appl_automations a, apex_automation_log l\nwhere a.automation_id = l.automation_id\nand l.application_id = :APP_ID"
        }
      }
    ]
  }
 ,{
    "id":"35241409895134282749"
   ,"Identification":{
      "Name":"Access Control"
     ,"Type":"Static Values"
    }
   ,"Configuration":{
      "Build Option":"Feature: Access Control (35241132202799282211)"
    }
   ,"Entries":[
      {
        "id":"35241410241615282749"
       ,"Label":{
          "Label":"Users"
        }
       ,"Icon":{
          "Image\/Icon CSS Classes":"fa-users"
        }
       ,"Layout":{
          "Sequence":10
        }
       ,"Is Current":{
          "Type":"Target Page"
        }
       ,"Link":{
          "Target":{
            "url":"f?p=\u0026APP_ID.:10041:\u0026SESSION.::\u0026DEBUG.:RP:::"
           ,"Page":"10041"
           ,"Clear Cache":"RP"
          }
        }
       ,"Click Counting":{
          "Count Clicks":false
        }
       ,"User Defined Attributes":{
          "Translatable":false
         ,"1.":"Set level of access for authenticated users of this application"
        }
      }
     ,{
        "id":"35241410640257282749"
       ,"Label":{
          "Label":"Access Control"
        }
       ,"Icon":{
          "Image\/Icon CSS Classes":"fa-key"
        }
       ,"Layout":{
          "Sequence":20
        }
       ,"Is Current":{
          "Type":"Target Page"
        }
       ,"Link":{
          "Target":{
            "url":"f?p=\u0026APP_ID.:10040:\u0026SESSION.::\u0026DEBUG.::::"
           ,"Page":"10040"
          }
        }
       ,"Click Counting":{
          "Count Clicks":false
        }
       ,"User Defined Attributes":{
          "Translatable":false
         ,"1.":"Change access control settings and disable access control"
        }
      }
    ]
  }
 ,{
    "id":"35241410956367282750"
   ,"Identification":{
      "Name":"Feedback"
     ,"Type":"Static Values"
    }
   ,"Configuration":{
      "Build Option":"Feature: Feedback (35241132408987282211)"
    }
   ,"Entries":[
      {
        "id":"35241411371584282750"
       ,"Label":{
          "Label":"User Feedback"
        }
       ,"Icon":{
          "Image\/Icon CSS Classes":"fa-comment-o"
        }
       ,"Layout":{
          "Sequence":10
        }
       ,"Is Current":{
          "Type":"Target Page"
        }
       ,"Link":{
          "Target":{
            "url":"f?p=\u0026APP_ID.:10053:\u0026SESSION.::\u0026DEBUG.:10053:::"
           ,"Page":"10053"
           ,"Clear Cache":"10053"
          }
        }
       ,"Click Counting":{
          "Count Clicks":false
        }
       ,"User Defined Attributes":{
          "Translatable":false
         ,"1.":"Report of all feedback submitted by application users"
        }
      }
    ]
  }
]
