{
  "Identification":{
    "Name":"Airtel Tracker"
   ,"Alias":"AIRTEL-TRACKER"
   ,"Version":"Release 1.0"
  }
 ,"Row Search":{
    "Tokenize":true
  }
 ,"Availability":{
    "Status":"Available with Developer Toolbar"
   ,"Build Status":"Run and Build Application"
  }
 ,"Error Handling":{
    "Default Display Location":"Inline with Field and in Notification"
  }
 ,"Report Printing":{
    "Type":"Use Instance Settings"
  }
 ,"Advanced":{
    "Friendly URLs":true
   ,"Allow Feedback":true
   ,"Logging":true
   ,"Debugging":true
   ,"Compatibility Mode":"21.2 \/ 22.1"
  }
 ,"Authentication":{
    "Public User":"APEX_PUBLIC_USER"
   ,"Authentication Scheme":"Oracle APEX Accounts (35240934952673282125)"
  }
 ,"Authorization":{
    "Authorization Scheme":"Reader Rights (35241135046416282212)"
   ,"Run on Public Pages":false
   ,"Run on Background Job":true
   ,"Source for Role or Group Schemes":"Access Control User Role Assignments"
  }
 ,"Session Management":{
    "Rejoin Sessions":"Disabled"
  }
 ,"Session State Protection":{
    "Enabled":true
  }
 ,"Security":{
    "Deep Linking":"Disabled"
   ,"Browser Cache":"Disabled"
   ,"Embed in Frames":"Deny"
   ,"Referrer Policy":"strict-origin"
   ,"HTML Escaping Mode":"Extended"
   ,"Runtime API Usage":[
      "Modify This Application"
    ]
  }
 ,"Database Session":{
    "Parsing Schema":"WKSP_AIRTELREPORT"
  }
 ,"Globalization":{
    "Primary Language":"English (en)"
   ,"Document Direction":"Left-To-Right"
   ,"Language Derived From":"Application Primary Language"
   ,"Automatic Time Zone":false
   ,"Automatic CSV Encoding":true
  }
 ,"Application Format Masks":{
    "Date":"DS"
   ,"Timestamp":"DS"
   ,"Timestamp Time Zone":"DS"
  }
 ,"Character Value Comparison":{
    "Behavior":"Database session NLS setting (default)"
  }
 ,"Logo":{
    "Type":"Text"
   ,"Text":"Airtel Tracker"
  }
 ,"Progressive Web App":{
    "Enable":true
   ,"Installable":true
   ,"Display":"Standalone"
   ,"Screen Orientation":"Any"
   ,"iOS Status Bar Style":"Translucent"
  }
 ,"Substitutions":[
    {
      "id":"1"
     ,"Identification":{
        "Name":"APP_NAME"
      }
     ,"Value":{
        "Static Value":"Airtel Tracker"
      }
    }
  ]
 ,"Application Settings":[
    {
      "id":"35241135930984282215"
     ,"Identification":{
        "Name":"FEEDBACK_ATTACHMENTS_YN"
      }
     ,"Value":{
        "Value":"Y"
       ,"Required":false
      }
     ,"Advanced":{
        "Valid Values":"Y, N"
       ,"On Upgrade Keep Value":true
      }
     ,"Configuration":{
        "Build Option":"Feature: Feedback (35241132408987282211)"
      }
    }
   ,{
      "id":"35241136278880282215"
     ,"Identification":{
        "Name":"ACCESS_CONTROL_SCOPE"
      }
     ,"Value":{
        "Value":"ACL_ONLY"
       ,"Required":false
      }
     ,"Advanced":{
        "Valid Values":"ACL_ONLY, ALL_USERS"
       ,"On Upgrade Keep Value":true
      }
     ,"Configuration":{
        "Build Option":"Feature: Access Control (35241132202799282211)"
      }
     ,"Comments":{
        "Comments":"The default access level given to authenticated users who are not in the access control list"
      }
    }
  ]
 ,"User Interfaces":[
    {
      "id":"35241130272338282207"
     ,"Identification":{
        "Name":"Desktop"
      }
     ,"Navigation":{
        "Home URL":{
          "url":"f?p=\u0026APP_ID.:1:\u0026SESSION."
         ,"Page":"1"
        }
       ,"Login URL":{
          "url":"f?p=\u0026APP_ID.:LOGIN:\u0026APP_SESSION.::\u0026DEBUG.:::"
         ,"Page":"LOGIN"
        }
      }
     ,"Navigation Menu":{
        "List Template":"Side Navigation Menu (35241093129588282190)"
       ,"Template Options":[
          "#DEFAULT#"
         ,"t-TreeNav--styleA"
         ,"js-navCollapsed--hidden"
        ]
       ,"List Position":"Side"
       ,"List":"Navigation Menu (35240935797010282126)"
      }
     ,"Navigation Bar":{
        "Implementation":"List"
       ,"List":"Navigation Bar (35241129924454282207)"
       ,"List Template":"Navigation Bar (35241092798471282190)"
       ,"Template Options":[
          "#DEFAULT#"
        ]
      }
     ,"JavaScript":{
        "Include jQuery Migrate":false
      }
     ,"Attributes":{
        "Theme":"Universal Theme (42)"
       ,"Global Page":"0"
       ,"Enable End Users to choose Theme Style":false
       ,"Add \"Built with APEX\" to Footer":false
      }
    }
  ]
}
