[
  {
    "id":"35241052159668282173"
   ,"Identification":{
      "Name":"Alerts"
    }
  }
 ,{
    "id":"35241052319774282173"
   ,"Identification":{
      "Name":"Badge List"
    }
  }
 ,{
    "id":"35241056301218282174"
   ,"Identification":{
      "Name":"Cards"
    }
  }
 ,{
    "id":"35241061770610282176"
   ,"Identification":{
      "Name":"Comments"
    }
  }
 ,{
    "id":"35241062920132282177"
   ,"Identification":{
      "Name":"Content Row"
    }
  }
 ,{
    "id":"35241066175252282178"
   ,"Identification":{
      "Name":"Contextual Info"
    }
  }
 ,{
    "id":"35241067117295282179"
   ,"Identification":{
      "Name":"Media List"
    }
  }
 ,{
    "id":"35241070128224282180"
   ,"Identification":{
      "Name":"Search Results"
    }
  }
 ,{
    "id":"35241070343399282180"
   ,"Identification":{
      "Name":"Standard"
    }
  }
 ,{
    "id":"35241072936161282181"
   ,"Identification":{
      "Name":"Timeline"
    }
  }
 ,{
    "id":"35241073319604282181"
   ,"Identification":{
      "Name":"Value Attribute Pairs - Column"
    }
  }
 ,{
    "id":"35241075371644282182"
   ,"Identification":{
      "Name":"Value Attribute Pairs - Row"
    }
  }
]
