[
  {
    "id":"35241102575563282195"
   ,"Identification":{
      "Name":"Hidden"
    }
  }
 ,{
    "id":"35241102622347282195"
   ,"Identification":{
      "Name":"Optional"
    }
  }
 ,{
    "id":"35241102792592282195"
   ,"Identification":{
      "Name":"Optional - Above"
    }
  }
 ,{
    "id":"35241102885403282195"
   ,"Identification":{
      "Name":"Optional - Floating"
    }
  }
 ,{
    "id":"35241102957970282195"
   ,"Identification":{
      "Name":"Required"
    }
  }
 ,{
    "id":"35241103619068282195"
   ,"Identification":{
      "Name":"Required - Above"
    }
  }
 ,{
    "id":"35241104198717282195"
   ,"Identification":{
      "Name":"Required - Floating"
    }
  }
]
