[
  {
    "id":"35241077142432282183"
   ,"Identification":{
      "Name":"Badge List"
    }
  }
 ,{
    "id":"35241081198913282185"
   ,"Identification":{
      "Name":"Cards"
    }
  }
 ,{
    "id":"35241086753379282187"
   ,"Identification":{
      "Name":"Links List"
    }
  }
 ,{
    "id":"35241088317289282188"
   ,"Identification":{
      "Name":"Media List"
    }
  }
 ,{
    "id":"35241091102987282189"
   ,"Identification":{
      "Name":"Menu Bar"
    }
  }
 ,{
    "id":"35241092199357282190"
   ,"Identification":{
      "Name":"Menu Popup"
    }
  }
 ,{
    "id":"35241092798471282190"
   ,"Identification":{
      "Name":"Navigation Bar"
    }
  }
 ,{
    "id":"35241093129588282190"
   ,"Identification":{
      "Name":"Side Navigation Menu"
    }
  }
 ,{
    "id":"35241094941917282191"
   ,"Identification":{
      "Name":"Tabs"
    }
  }
 ,{
    "id":"35241096567023282192"
   ,"Identification":{
      "Name":"Top Navigation Mega Menu"
    }
  }
 ,{
    "id":"35241098506221282193"
   ,"Identification":{
      "Name":"Top Navigation Menu"
    }
  }
 ,{
    "id":"35241099520344282193"
   ,"Identification":{
      "Name":"Top Navigation Tabs"
    }
  }
 ,{
    "id":"35241101133580282194"
   ,"Identification":{
      "Name":"Wizard Progress"
    }
  }
]
