[
  {
    "id":"35240936059994282126"
   ,"Identification":{
      "Name":"Drawer"
    }
  }
 ,{
    "id":"35240938941819282128"
   ,"Identification":{
      "Name":"Left Side Column"
    }
  }
 ,{
    "id":"35240942647310282129"
   ,"Identification":{
      "Name":"Left and Right Side Columns"
    }
  }
 ,{
    "id":"35240946623069282131"
   ,"Identification":{
      "Name":"Login"
    }
  }
 ,{
    "id":"35240949246338282132"
   ,"Identification":{
      "Name":"Marquee"
    }
  }
 ,{
    "id":"35240953294529282133"
   ,"Identification":{
      "Name":"Minimal (No Navigation)"
    }
  }
 ,{
    "id":"35240956678316282135"
   ,"Identification":{
      "Name":"Modal Dialog"
    }
  }
 ,{
    "id":"35240958153035282135"
   ,"Identification":{
      "Name":"Right Side Column"
    }
  }
 ,{
    "id":"35240961866724282137"
   ,"Identification":{
      "Name":"Standard"
    }
  }
 ,{
    "id":"35240965287195282138"
   ,"Identification":{
      "Name":"Wizard Modal Dialog"
    }
  }
]
