[
  {
    "id":"35240966710147282139"
   ,"Identification":{
      "Name":"Alert"
    }
  }
 ,{
    "id":"35240971954959282141"
   ,"Identification":{
      "Name":"Blank with Attributes"
    }
  }
 ,{
    "id":"35240973383243282142"
   ,"Identification":{
      "Name":"Blank with Attributes (No Grid)"
    }
  }
 ,{
    "id":"35240974746375282142"
   ,"Identification":{
      "Name":"Buttons Container"
    }
  }
 ,{
    "id":"35240979061145282144"
   ,"Identification":{
      "Name":"Cards Container"
    }
  }
 ,{
    "id":"35240980994381282144"
   ,"Identification":{
      "Name":"Carousel Container"
    }
  }
 ,{
    "id":"35240990867609282148"
   ,"Identification":{
      "Name":"Collapsible"
    }
  }
 ,{
    "id":"35241000398694282152"
   ,"Identification":{
      "Name":"Content Block"
    }
  }
 ,{
    "id":"35241004568052282154"
   ,"Identification":{
      "Name":"Hero"
    }
  }
 ,{
    "id":"35241007744288282155"
   ,"Identification":{
      "Name":"Image"
    }
  }
 ,{
    "id":"35241013193939282157"
   ,"Identification":{
      "Name":"Inline Dialog"
    }
  }
 ,{
    "id":"35241017755614282159"
   ,"Identification":{
      "Name":"Inline Drawer"
    }
  }
 ,{
    "id":"35241022394335282161"
   ,"Identification":{
      "Name":"Inline Popup"
    }
  }
 ,{
    "id":"35241027741360282163"
   ,"Identification":{
      "Name":"Interactive Report"
    }
  }
 ,{
    "id":"35241029862508282163"
   ,"Identification":{
      "Name":"Login"
    }
  }
 ,{
    "id":"35241032347435282165"
   ,"Identification":{
      "Name":"Standard"
    }
  }
 ,{
    "id":"35241042150037282168"
   ,"Identification":{
      "Name":"Tabs Container"
    }
  }
 ,{
    "id":"35241044747801282170"
   ,"Identification":{
      "Name":"Title Bar"
    }
  }
 ,{
    "id":"35241049586512282172"
   ,"Identification":{
      "Name":"Wizard Container"
    }
  }
]
